latitude,longitude,bright_ti4,scan,track,acq_date,acq_time,satellite,instrument,confidence,version,bright_ti5,frp,daynight,cluster,satellite_source
21.18015,72.99355,300.48,0.39,0.36,2024-01-17,2046,N21,VIIRS,n,2.0NRT,289.38,0.65,N,surat,VIIRS_NOAA21_NRT
21.26011,73.03455,330.96,0.55,0.42,2024-01-18,758,N21,VIIRS,l,2.0NRT,304.01,4.59,D,surat,VIIRS_NOAA21_NRT
21.26384,72.89709,296.13,0.47,0.64,2024-01-20,2129,N21,VIIRS,n,2.0NRT,284.57,0.33,N,surat,VIIRS_NOAA21_NRT
21.28638,72.85329,295.55,0.47,0.64,2024-01-20,2129,N21,VIIRS,n,2.0NRT,284.03,0.46,N,surat,VIIRS_NOAA21_NRT
21.01799,72.78893,344.4,0.39,0.37,2024-01-22,824,N21,VIIRS,n,2.0NRT,304.68,3.64,D,surat,VIIRS_NOAA21_NRT
21.03511,72.88269,337.63,0.4,0.37,2024-01-22,824,N21,VIIRS,n,2.0NRT,304.54,2.62,D,surat,VIIRS_NOAA21_NRT
21.13246,72.80529,334.77,0.4,0.37,2024-01-22,824,N21,VIIRS,n,2.0NRT,304.88,7.3,D,surat,VIIRS_NOAA21_NRT
21.02339,72.85545,331.95,0.47,0.4,2024-01-23,805,N21,VIIRS,n,2.0NRT,305.66,2.04,D,surat,VIIRS_NOAA21_NRT
21.15443,72.76638,338.3,0.47,0.4,2024-01-23,805,N21,VIIRS,n,2.0NRT,305.33,5.35,D,surat,VIIRS_NOAA21_NRT
21.1559,72.76698,333.92,0.47,0.4,2024-01-23,805,N21,VIIRS,n,2.0NRT,305.12,4.27,D,surat,VIIRS_NOAA21_NRT
21.07145,73.03251,332.19,0.57,0.52,2024-01-24,745,N21,VIIRS,n,2.0NRT,302.95,4.52,D,surat,VIIRS_NOAA21_NRT
21.29476,72.78352,338.27,0.54,0.51,2024-01-26,847,N21,VIIRS,n,2.0NRT,309.17,5.88,D,surat,VIIRS_NOAA21_NRT
21.28715,72.83909,304.91,0.58,0.52,2024-01-26,2118,N21,VIIRS,n,2.0NRT,278.83,1.5,N,surat,VIIRS_NOAA21_NRT
21.28905,72.8358,299.77,0.58,0.52,2024-01-26,2118,N21,VIIRS,n,2.0NRT,278.42,0.83,N,surat,VIIRS_NOAA21_NRT
21.24025,73.00366,342.5,0.45,0.39,2024-01-27,830,N21,VIIRS,n,2.0NRT,308.61,12.97,D,surat,VIIRS_NOAA21_NRT
21.34599,72.93143,330.06,0.45,0.39,2024-01-27,830,N21,VIIRS,l,2.0NRT,304.71,2.25,D,surat,VIIRS_NOAA21_NRT
21.33869,72.99699,339.19,0.4,0.37,2024-01-28,809,N21,VIIRS,n,2.0NRT,290.87,6.62,D,surat,VIIRS_NOAA21_NRT
21.34205,72.99638,338.33,0.4,0.37,2024-01-28,809,N21,VIIRS,n,2.0NRT,291.15,8.17,D,surat,VIIRS_NOAA21_NRT
21.31863,72.81348,297.74,0.4,0.37,2024-01-28,2040,N21,VIIRS,n,2.0NRT,280.08,0.53,N,surat,VIIRS_NOAA21_NRT
21.33082,72.91679,303.49,0.4,0.37,2024-01-28,2040,N21,VIIRS,n,2.0NRT,281.03,0.87,N,surat,VIIRS_NOAA21_NRT
21.33251,72.90541,299.25,0.4,0.37,2024-01-28,2040,N21,VIIRS,n,2.0NRT,281.23,0.64,N,surat,VIIRS_NOAA21_NRT
21.25679,72.87929,305.69,0.44,0.46,2024-01-29,2023,N21,VIIRS,n,2.0NRT,287.78,0.56,N,surat,VIIRS_NOAA21_NRT
21.25698,72.87801,303.88,0.44,0.46,2024-01-29,2023,N21,VIIRS,n,2.0NRT,287.44,0.95,N,surat,VIIRS_NOAA21_NRT
21.28286,72.87724,314.24,0.44,0.46,2024-01-29,2023,N21,VIIRS,n,2.0NRT,288.12,1.37,N,surat,VIIRS_NOAA21_NRT
21.33535,72.90569,303.67,0.44,0.46,2024-01-29,2023,N21,VIIRS,n,2.0NRT,287.26,0.43,N,surat,VIIRS_NOAA21_NRT
21.27192,72.81445,299.34,0.45,0.63,2024-01-30,2001,N21,VIIRS,n,2.0NRT,287.13,0.96,N,surat,VIIRS_NOAA21_NRT
21.09924,72.85831,306.53,0.37,0.58,2024-01-31,2125,N21,VIIRS,n,2.0NRT,290.81,0.68,N,surat,VIIRS_NOAA21_NRT
21.08247,72.99979,306.22,0.52,0.42,2024-02-03,2027,N21,VIIRS,n,2.0NRT,289.44,1.18,N,surat,VIIRS_NOAA21_NRT
21.31788,72.82127,306.68,0.36,0.57,2024-02-04,2008,N21,VIIRS,n,2.0NRT,290.22,0.57,N,surat,VIIRS_NOAA21_NRT
21.3365,72.84763,303.4,0.36,0.57,2024-02-04,2008,N21,VIIRS,n,2.0NRT,289.5,1.08,N,surat,VIIRS_NOAA21_NRT
21.33684,72.84422,309.54,0.36,0.57,2024-02-04,2008,N21,VIIRS,n,2.0NRT,289.53,1.08,N,surat,VIIRS_NOAA21_NRT
21.32209,72.88718,351.08,0.44,0.63,2024-02-05,902,N21,VIIRS,n,2.0NRT,301.06,6.61,D,surat,VIIRS_NOAA21_NRT
21.01128,72.97543,334.96,0.4,0.37,2024-02-07,824,N21,VIIRS,n,2.0NRT,304.69,2.31,D,surat,VIIRS_NOAA21_NRT
21.00036,72.75292,341.49,0.48,0.4,2024-02-08,805,N21,VIIRS,n,2.0NRT,306.53,11.05,D,surat,VIIRS_NOAA21_NRT
21.09835,72.83817,341.89,0.47,0.4,2024-02-08,805,N21,VIIRS,n,2.0NRT,306.89,6.4,D,surat,VIIRS_NOAA21_NRT
21.11293,72.97398,298.59,0.44,0.39,2024-02-08,2033,N21,VIIRS,n,2.0NRT,278.05,0.74,N,surat,VIIRS_NOAA21_NRT
21.01604,72.75828,334.82,0.61,0.53,2024-02-09,745,N21,VIIRS,n,2.0NRT,301.71,2.8,D,surat,VIIRS_NOAA21_NRT
21.01685,72.75491,343.11,0.61,0.53,2024-02-09,745,N21,VIIRS,n,2.0NRT,304.48,8.08,D,surat,VIIRS_NOAA21_NRT
21.02085,72.75719,334.08,0.61,0.53,2024-02-09,745,N21,VIIRS,n,2.0NRT,304.86,4.61,D,surat,VIIRS_NOAA21_NRT
21.34025,73.00505,332.53,0.58,0.7,2024-02-10,726,N21,VIIRS,n,2.0NRT,296.3,3.96,D,surat,VIIRS_NOAA21_NRT
21.02864,72.95521,300.53,0.44,0.46,2024-02-14,2021,N21,VIIRS,n,2.0NRT,287.96,0.61,N,surat,VIIRS_NOAA21_NRT
21.3231,72.97596,308.15,0.44,0.46,2024-02-14,2021,N21,VIIRS,n,2.0NRT,289.17,0.85,N,surat,VIIRS_NOAA21_NRT
21.03006,73.0071,337.34,0.47,0.64,2024-02-15,733,N21,VIIRS,n,2.0NRT,304.03,4.51,D,surat,VIIRS_NOAA21_NRT
21.08965,72.97887,327.94,0.45,0.63,2024-02-15,2001,N21,VIIRS,n,2.0NRT,292.44,4.28,N,surat,VIIRS_NOAA21_NRT
21.3438,72.81772,301.09,0.36,0.57,2024-02-16,2125,N21,VIIRS,n,2.0NRT,290.99,0.48,N,surat,VIIRS_NOAA21_NRT
21.07323,72.98644,305.13,0.38,0.36,2024-02-18,2046,N21,VIIRS,n,2.0NRT,288.61,0.61,N,surat,VIIRS_NOAA21_NRT
21.03775,72.8378,344.15,0.38,0.59,2024-02-20,739,N21,VIIRS,n,2.0NRT,303.5,9.55,D,surat,VIIRS_NOAA21_NRT
21.05478,72.85462,332.34,0.44,0.62,2024-02-21,902,N21,VIIRS,n,2.0NRT,298.92,2.19,D,surat,VIIRS_NOAA21_NRT
21.31443,72.8238,310.99,0.45,0.47,2024-02-22,2112,N21,VIIRS,n,2.0NRT,291.26,1.75,N,surat,VIIRS_NOAA21_NRT
21.31814,72.82328,305.98,0.45,0.47,2024-02-22,2112,N21,VIIRS,n,2.0NRT,289.75,0.87,N,surat,VIIRS_NOAA21_NRT
21.03633,72.92309,344.37,0.4,0.37,2024-02-23,824,N21,VIIRS,n,2.0NRT,312.16,5.22,D,surat,VIIRS_NOAA21_NRT
21.09792,72.84865,317.32,0.41,0.37,2024-02-23,2053,N21,VIIRS,n,2.0NRT,293.9,2.25,N,surat,VIIRS_NOAA21_NRT
21.27812,72.9535,302.02,0.41,0.37,2024-02-23,2053,N21,VIIRS,n,2.0NRT,289.08,0.69,N,surat,VIIRS_NOAA21_NRT
21.31708,72.86536,299.12,0.4,0.37,2024-02-23,2053,N21,VIIRS,n,2.0NRT,286.67,0.74,N,surat,VIIRS_NOAA21_NRT
21.03757,72.87836,332.04,0.47,0.4,2024-02-24,805,N21,VIIRS,l,2.0NRT,306.76,2.12,D,surat,VIIRS_NOAA21_NRT
21.0921,72.84917,344.37,0.47,0.4,2024-02-24,805,N21,VIIRS,n,2.0NRT,312.31,5.72,D,surat,VIIRS_NOAA21_NRT
21.15762,72.81799,305.25,0.45,0.39,2024-02-24,2033,N21,VIIRS,n,2.0NRT,292.38,1.21,N,surat,VIIRS_NOAA21_NRT
21.27171,72.98673,309.98,0.44,0.39,2024-02-24,2033,N21,VIIRS,n,2.0NRT,287.56,1.42,N,surat,VIIRS_NOAA21_NRT
21.27523,72.98728,301.95,0.44,0.39,2024-02-24,2033,N21,VIIRS,n,2.0NRT,286.41,0.73,N,surat,VIIRS_NOAA21_NRT
21.29436,72.89587,333.32,0.35,0.57,2024-03-07,2008,N21,VIIRS,n,2.0NRT,290.84,2.94,N,surat,VIIRS_NOAA21_NRT
21.15506,72.81638,305.4,0.46,0.64,2024-03-08,2129,N21,VIIRS,n,2.0NRT,293.14,0.88,N,surat,VIIRS_NOAA21_NRT
21.15571,72.81724,303.49,0.46,0.64,2024-03-08,2129,N21,VIIRS,n,2.0NRT,292.99,0.37,N,surat,VIIRS_NOAA21_NRT
21.27631,72.79018,301.15,0.46,0.63,2024-03-08,2129,N21,VIIRS,n,2.0NRT,288.07,0.39,N,surat,VIIRS_NOAA21_NRT
21.00602,72.85626,307.75,0.47,0.47,2024-03-09,2112,N21,VIIRS,n,2.0NRT,289.9,0.82,N,surat,VIIRS_NOAA21_NRT
21.05907,72.83631,300.69,0.46,0.47,2024-03-09,2112,N21,VIIRS,n,2.0NRT,287.38,0.89,N,surat,VIIRS_NOAA21_NRT
21.07636,72.89235,336.17,0.4,0.37,2024-03-10,824,N21,VIIRS,l,2.0NRT,310.04,4.07,D,surat,VIIRS_NOAA21_NRT
21.10911,72.78877,338.63,0.47,0.4,2024-03-11,803,N21,VIIRS,n,2.0NRT,308.53,3.51,D,surat,VIIRS_NOAA21_NRT
21.20532,73.00272,334.55,0.46,0.39,2024-03-11,803,N21,VIIRS,n,2.0NRT,309.42,2.23,D,surat,VIIRS_NOAA21_NRT
21.07748,72.91982,336.41,0.55,0.51,2024-03-14,850,N21,VIIRS,n,2.0NRT,308.73,4.46,D,surat,VIIRS_NOAA21_NRT
21.34227,72.9034,341.97,0.56,0.51,2024-03-14,850,N21,VIIRS,n,2.0NRT,308.24,4.37,D,surat,VIIRS_NOAA21_NRT
21.05799,72.8529,338.78,0.44,0.39,2024-03-15,830,N21,VIIRS,l,2.0NRT,310.27,6.07,D,surat,VIIRS_NOAA21_NRT
21.058,72.84948,333.19,0.44,0.39,2024-03-15,830,N21,VIIRS,l,2.0NRT,307.59,3.57,D,surat,VIIRS_NOAA21_NRT
21.05857,72.85371,338.08,0.44,0.39,2024-03-15,830,N21,VIIRS,l,2.0NRT,312.04,3.57,D,surat,VIIRS_NOAA21_NRT
21.06151,72.85234,341.29,0.44,0.39,2024-03-15,830,N21,VIIRS,n,2.0NRT,308.17,6.07,D,surat,VIIRS_NOAA21_NRT
21.06152,72.84892,335.58,0.44,0.39,2024-03-15,830,N21,VIIRS,l,2.0NRT,307.5,3.57,D,surat,VIIRS_NOAA21_NRT
21.05181,72.92736,312.4,0.39,0.37,2024-03-16,2040,N21,VIIRS,n,2.0NRT,292.07,9.1,N,surat,VIIRS_NOAA21_NRT
21.05237,72.92359,344.22,0.39,0.37,2024-03-16,2040,N21,VIIRS,n,2.0NRT,308.38,9.1,N,surat,VIIRS_NOAA21_NRT
21.05276,72.92403,306.36,0.43,0.46,2024-03-17,2021,N21,VIIRS,n,2.0NRT,295.93,1.2,N,surat,VIIRS_NOAA21_NRT
21.17627,72.86047,305.91,0.44,0.46,2024-03-17,2021,N21,VIIRS,n,2.0NRT,295.47,0.71,N,surat,VIIRS_NOAA21_NRT
21.26627,72.79144,303.26,0.44,0.46,2024-03-17,2021,N21,VIIRS,n,2.0NRT,292.65,0.31,N,surat,VIIRS_NOAA21_NRT
21.32803,72.83437,341.49,0.35,0.57,2024-03-19,856,N21,VIIRS,n,2.0NRT,310.8,3.22,D,surat,VIIRS_NOAA21_NRT
21.05767,72.84805,300.78,0.37,0.58,2024-03-19,2123,N21,VIIRS,n,2.0NRT,289.66,0.28,N,surat,VIIRS_NOAA21_NRT
21.33841,73.04323,299.14,0.38,0.59,2024-03-19,2123,N21,VIIRS,n,2.0NRT,288.19,0.48,N,surat,VIIRS_NOAA21_NRT
21.05462,72.84165,367.0,0.37,0.58,2024-03-23,739,N21,VIIRS,h,2.0NRT,304.78,8.41,D,surat,VIIRS_NOAA21_NRT
21.05531,72.84316,351.42,0.37,0.58,2024-03-23,739,N21,VIIRS,n,2.0NRT,304.28,7.09,D,surat,VIIRS_NOAA21_NRT
21.05139,72.9314,367.0,0.34,0.56,2024-03-23,2010,N21,VIIRS,h,2.0NRT,299.14,18.66,N,surat,VIIRS_NOAA21_NRT
21.25137,72.99068,306.98,0.48,0.64,2024-03-24,2129,N21,VIIRS,n,2.0NRT,291.87,0.97,N,surat,VIIRS_NOAA21_NRT
21.04766,72.91243,346.4,0.44,0.46,2024-03-25,841,N21,VIIRS,n,2.0NRT,314.75,6.9,D,surat,VIIRS_NOAA21_NRT
21.17557,72.75776,339.97,0.44,0.38,2024-03-31,830,N21,VIIRS,l,2.0NRT,311.32,10.09,D,surat,VIIRS_NOAA21_NRT
21.17636,72.75849,347.36,0.44,0.38,2024-03-31,830,N21,VIIRS,n,2.0NRT,309.87,9.95,D,surat,VIIRS_NOAA21_NRT
21.04851,72.85896,367.0,0.41,0.37,2024-04-01,811,N21,VIIRS,h,2.0NRT,317.26,10.24,D,surat,VIIRS_NOAA21_NRT
21.11483,72.79989,310.28,0.4,0.37,2024-04-01,2040,N21,VIIRS,n,2.0NRT,293.59,1.18,N,surat,VIIRS_NOAA21_NRT
21.2511,72.87149,333.03,0.35,0.57,2024-04-04,856,N21,VIIRS,n,2.0NRT,288.83,1.56,D,surat,VIIRS_NOAA21_NRT
21.27198,72.91152,337.49,0.38,0.36,2024-04-06,818,N21,VIIRS,l,2.0NRT,312.25,6.78,D,surat,VIIRS_NOAA21_NRT
21.09746,72.85751,308.21,0.38,0.36,2024-04-06,2046,N21,VIIRS,n,2.0NRT,297.11,1.91,N,surat,VIIRS_NOAA21_NRT
21.00064,72.90976,333.39,0.44,0.46,2024-04-10,843,N21,VIIRS,l,2.0NRT,306.7,2.13,D,surat,VIIRS_NOAA21_NRT
21.19124,73.03261,333.61,0.45,0.47,2024-04-10,843,N21,VIIRS,l,2.0NRT,307.76,1.84,D,surat,VIIRS_NOAA21_NRT
21.09847,72.84627,330.36,0.44,0.39,2024-04-12,2034,N21,VIIRS,n,2.0NRT,301.76,17.68,N,surat,VIIRS_NOAA21_NRT
21.00648,72.96456,336.39,0.58,0.7,2024-04-14,729,N21,VIIRS,n,2.0NRT,295.65,5.97,D,surat,VIIRS_NOAA21_NRT
21.09889,72.84879,342.09,0.55,0.51,2024-04-15,850,N21,VIIRS,n,2.0NRT,305.44,5.09,D,surat,VIIRS_NOAA21_NRT
21.04025,72.79865,347.2,0.41,0.37,2024-04-17,811,N21,VIIRS,n,2.0NRT,317.5,10.58,D,surat,VIIRS_NOAA21_NRT
21.0241,72.98782,353.19,0.46,0.47,2024-04-18,752,N21,VIIRS,n,2.0NRT,304.31,7.21,D,surat,VIIRS_NOAA21_NRT
21.09757,72.79431,339.31,0.35,0.56,2024-04-20,856,N21,VIIRS,n,2.0NRT,305.89,3.77,D,surat,VIIRS_NOAA21_NRT
21.31835,72.85471,337.05,0.38,0.36,2024-04-22,818,N21,VIIRS,n,2.0NRT,305.82,5.77,D,surat,VIIRS_NOAA21_NRT
21.32951,73.03724,336.02,0.38,0.36,2024-04-22,818,N21,VIIRS,l,2.0NRT,307.2,1.52,D,surat,VIIRS_NOAA21_NRT
21.01329,72.76882,340.82,0.57,0.43,2024-04-23,758,N21,VIIRS,n,2.0NRT,311.14,3.73,D,surat,VIIRS_NOAA21_NRT
21.01336,72.76595,337.65,0.57,0.43,2024-04-23,758,N21,VIIRS,l,2.0NRT,309.53,9.52,D,surat,VIIRS_NOAA21_NRT
21.10308,72.83412,334.36,0.37,0.58,2024-04-24,739,N21,VIIRS,n,2.0NRT,303.34,2.88,D,surat,VIIRS_NOAA21_NRT
21.1277,72.923,330.83,0.37,0.58,2024-04-24,739,N21,VIIRS,l,2.0NRT,304.13,1.12,D,surat,VIIRS_NOAA21_NRT
21.02888,72.83302,334.3,0.43,0.46,2024-04-26,843,N21,VIIRS,n,2.0NRT,304.09,3.63,D,surat,VIIRS_NOAA21_NRT
21.02978,72.8335,330.12,0.43,0.46,2024-04-26,843,N21,VIIRS,l,2.0NRT,303.83,2.16,D,surat,VIIRS_NOAA21_NRT
21.15575,72.77185,336.78,0.43,0.46,2024-04-26,843,N21,VIIRS,n,2.0NRT,304.45,2.76,D,surat,VIIRS_NOAA21_NRT
21.17206,72.76546,344.57,0.43,0.46,2024-04-26,843,N21,VIIRS,n,2.0NRT,307.37,5.87,D,surat,VIIRS_NOAA21_NRT
21.17626,72.76488,338.21,0.43,0.46,2024-04-26,843,N21,VIIRS,n,2.0NRT,305.76,5.87,D,surat,VIIRS_NOAA21_NRT
21.17674,72.76901,338.3,0.43,0.46,2024-04-26,843,N21,VIIRS,n,2.0NRT,304.55,3.59,D,surat,VIIRS_NOAA21_NRT
21.11886,72.76707,341.2,0.47,0.4,2024-04-28,805,N21,VIIRS,l,2.0NRT,307.08,9.4,D,surat,VIIRS_NOAA21_NRT
21.12048,72.76833,345.98,0.47,0.4,2024-04-28,805,N21,VIIRS,n,2.0NRT,309.27,11.51,D,surat,VIIRS_NOAA21_NRT
21.28156,72.83002,342.21,0.47,0.39,2024-04-28,805,N21,VIIRS,n,2.0NRT,306.16,4.9,D,surat,VIIRS_NOAA21_NRT
21.17787,72.76542,348.1,0.44,0.38,2024-05-02,830,N21,VIIRS,l,2.0NRT,318.55,18.47,D,surat,VIIRS_NOAA21_NRT
21.24389,72.93246,339.71,0.45,0.39,2024-05-02,830,N21,VIIRS,l,2.0NRT,311.59,6.73,D,surat,VIIRS_NOAA21_NRT
21.20856,72.82438,315.72,0.46,0.39,2024-05-02,2059,N21,VIIRS,n,2.0NRT,298.09,2.6,N,surat,VIIRS_NOAA21_NRT
21.3205,73.00137,342.16,0.38,0.36,2024-05-08,818,N21,VIIRS,n,2.0NRT,307.93,3.07,D,surat,VIIRS_NOAA21_NRT
21.2575,72.94242,309.02,0.38,0.36,2024-05-08,2046,N21,VIIRS,n,2.0NRT,297.62,1.45,N,surat,VIIRS_NOAA21_NRT
21.16479,72.75039,342.98,0.38,0.43,2024-05-09,758,N21,VIIRS,n,2.0NRT,306.47,5.06,D,surat,VIIRS_NOAA21_NRT
21.06718,72.88479,311.38,0.53,0.42,2024-05-09,2027,N21,VIIRS,n,2.0NRT,295.78,1.67,N,surat,VIIRS_NOAA21_NRT
21.12154,72.79735,342.81,0.39,0.36,2024-05-13,824,N21,VIIRS,n,2.0NRT,312.69,12.57,D,surat,VIIRS_NOAA21_NRT
21.15114,72.76991,337.95,0.39,0.36,2024-05-13,824,N21,VIIRS,n,2.0NRT,306.39,6.09,D,surat,VIIRS_NOAA21_NRT
21.31282,73.00475,332.32,0.46,0.64,2024-05-21,733,N21,VIIRS,n,2.0NRT,300.69,2.64,D,surat,VIIRS_NOAA21_NRT
21.16787,72.98165,336.49,0.38,0.36,2024-05-24,818,N21,VIIRS,l,2.0NRT,311.16,4.83,D,surat,VIIRS_NOAA21_NRT
21.09876,72.84641,342.88,0.38,0.43,2024-05-25,758,N21,VIIRS,n,2.0NRT,308.03,3.31,D,surat,VIIRS_NOAA21_NRT
21.31676,72.89276,308.86,0.46,0.63,2024-05-27,2129,N21,VIIRS,n,2.0NRT,290.99,2.45,N,surat,VIIRS_NOAA21_NRT
21.33871,72.78493,334.7,0.44,0.38,2024-06-03,830,N21,VIIRS,n,2.0NRT,301.41,5.55,D,surat,VIIRS_NOAA21_NRT
21.3393,72.78207,336.58,0.44,0.38,2024-06-03,830,N21,VIIRS,n,2.0NRT,301.18,4.29,D,surat,VIIRS_NOAA21_NRT
21.12485,72.84853,329.72,0.46,0.39,2024-06-03,2059,N21,VIIRS,n,2.0NRT,293.31,6.57,N,surat,VIIRS_NOAA21_NRT
21.12868,72.96922,345.52,0.41,0.37,2024-06-04,811,N21,VIIRS,n,2.0NRT,310.08,6.0,D,surat,VIIRS_NOAA21_NRT
21.0971,72.84613,331.34,0.4,0.37,2024-06-04,2040,N21,VIIRS,n,2.0NRT,295.94,4.42,N,surat,VIIRS_NOAA21_NRT
21.04383,72.8793,334.34,0.43,0.46,2024-06-13,843,N21,VIIRS,n,2.0NRT,301.19,5.1,D,surat,VIIRS_NOAA21_NRT
21.04432,72.88344,341.95,0.43,0.46,2024-06-13,843,N21,VIIRS,n,2.0NRT,301.69,5.1,D,surat,VIIRS_NOAA21_NRT
21.15446,72.94112,331.5,0.44,0.46,2024-06-13,843,N21,VIIRS,l,2.0NRT,303.7,3.66,D,surat,VIIRS_NOAA21_NRT
21.16643,72.75485,332.3,0.43,0.46,2024-06-13,843,N21,VIIRS,n,2.0NRT,301.39,4.88,D,surat,VIIRS_NOAA21_NRT
21.02495,72.98564,334.79,0.4,0.37,2024-06-14,824,N21,VIIRS,n,2.0NRT,299.55,1.87,D,surat,VIIRS_NOAA21_NRT
21.0255,72.98943,341.43,0.4,0.37,2024-06-14,824,N21,VIIRS,n,2.0NRT,302.26,3.11,D,surat,VIIRS_NOAA21_NRT
21.1731,72.93474,308.4,0.41,0.37,2024-06-14,2055,N21,VIIRS,n,2.0NRT,291.27,2.05,N,surat,VIIRS_NOAA21_NRT
21.18524,72.97493,336.15,0.43,0.46,2024-09-17,843,N21,VIIRS,n,2.0NRT,301.14,3.91,D,surat,VIIRS_NOAA21_NRT
21.09387,72.85051,306.35,0.45,0.39,2024-09-19,2036,N21,VIIRS,n,2.0NRT,292.38,2.16,N,surat,VIIRS_NOAA21_NRT
21.26497,72.85757,338.69,0.47,0.48,2024-10-27,754,N21,VIIRS,n,2.0NRT,305.16,2.72,D,surat,VIIRS_NOAA21_NRT
21.20877,72.87865,308.72,0.44,0.46,2024-10-27,2023,N21,VIIRS,n,2.0NRT,296.99,2.09,N,surat,VIIRS_NOAA21_NRT
21.16565,72.83169,308.71,0.38,0.36,2024-10-31,2046,N21,VIIRS,n,2.0NRT,297.09,1.57,N,surat,VIIRS_NOAA21_NRT
21.1189,73.01051,332.62,0.46,0.39,2024-11-06,807,N21,VIIRS,n,2.0NRT,307.37,5.26,D,surat,VIIRS_NOAA21_NRT
21.33875,72.99643,338.38,0.46,0.39,2024-11-06,807,N21,VIIRS,l,2.0NRT,310.88,5.33,D,surat,VIIRS_NOAA21_NRT
21.33949,73.00076,349.83,0.46,0.39,2024-11-06,807,N21,VIIRS,n,2.0NRT,309.52,5.33,D,surat,VIIRS_NOAA21_NRT
21.34304,73.00008,349.43,0.46,0.39,2024-11-06,807,N21,VIIRS,n,2.0NRT,310.37,5.33,D,surat,VIIRS_NOAA21_NRT
21.3466,72.9994,336.88,0.46,0.39,2024-11-06,807,N21,VIIRS,l,2.0NRT,307.58,2.97,D,surat,VIIRS_NOAA21_NRT
21.33749,73.00755,304.27,0.44,0.38,2024-11-06,2036,N21,VIIRS,n,2.0NRT,292.64,0.77,N,surat,VIIRS_NOAA21_NRT
21.0916,72.84975,304.77,0.6,0.71,2024-11-08,2140,N21,VIIRS,n,2.0NRT,292.63,1.9,N,surat,VIIRS_NOAA21_NRT
21.09608,72.85123,302.67,0.6,0.71,2024-11-08,2140,N21,VIIRS,n,2.0NRT,292.56,1.46,N,surat,VIIRS_NOAA21_NRT
21.29591,72.8857,335.61,0.56,0.52,2024-11-09,852,N21,VIIRS,n,2.0NRT,304.94,3.96,D,surat,VIIRS_NOAA21_NRT
21.09859,72.84901,332.96,0.45,0.39,2024-11-10,832,N21,VIIRS,l,2.0NRT,305.78,5.81,D,surat,VIIRS_NOAA21_NRT
21.09476,72.84921,310.72,0.47,0.4,2024-11-10,2101,N21,VIIRS,n,2.0NRT,295.94,1.62,N,surat,VIIRS_NOAA21_NRT
21.34441,73.00359,338.64,0.4,0.37,2024-11-11,813,N21,VIIRS,n,2.0NRT,308.3,2.49,D,surat,VIIRS_NOAA21_NRT
21.20521,72.93116,333.47,0.38,0.36,2024-11-16,820,N21,VIIRS,n,2.0NRT,303.26,2.94,D,surat,VIIRS_NOAA21_NRT
21.158,73.0345,303.66,0.39,0.36,2024-11-16,2050,N21,VIIRS,n,2.0NRT,293.1,0.27,N,surat,VIIRS_NOAA21_NRT
21.29176,72.92248,303.2,0.39,0.36,2024-11-16,2050,N21,VIIRS,n,2.0NRT,292.91,0.51,N,surat,VIIRS_NOAA21_NRT
21.22935,73.04831,316.34,0.51,0.41,2024-11-17,2029,N21,VIIRS,n,2.0NRT,291.78,2.36,N,surat,VIIRS_NOAA21_NRT
21.26835,72.89439,309.9,0.52,0.41,2024-11-17,2029,N21,VIIRS,n,2.0NRT,292.07,1.6,N,surat,VIIRS_NOAA21_NRT
21.14482,72.98619,333.36,0.36,0.57,2024-11-18,743,N21,VIIRS,n,2.0NRT,303.25,3.89,D,surat,VIIRS_NOAA21_NRT
21.2404,72.76993,330.41,0.37,0.58,2024-11-18,743,N21,VIIRS,n,2.0NRT,303.47,1.94,D,surat,VIIRS_NOAA21_NRT
21.26945,73.01385,303.02,0.33,0.55,2024-11-18,2012,N21,VIIRS,n,2.0NRT,290.1,1.17,N,surat,VIIRS_NOAA21_NRT
21.27624,72.99845,300.99,0.33,0.56,2024-11-18,2012,N21,VIIRS,n,2.0NRT,289.64,0.3,N,surat,VIIRS_NOAA21_NRT
21.22988,72.93519,304.11,0.49,0.65,2024-11-19,2133,N21,VIIRS,n,2.0NRT,290.62,0.93,N,surat,VIIRS_NOAA21_NRT
21.07945,72.98013,331.23,0.45,0.47,2024-11-20,845,N21,VIIRS,l,2.0NRT,303.49,2.89,D,surat,VIIRS_NOAA21_NRT
21.32983,72.93711,302.05,0.48,0.48,2024-11-20,2114,N21,VIIRS,n,2.0NRT,290.14,0.72,N,surat,VIIRS_NOAA21_NRT
21.2171,73.01756,301.01,0.42,0.37,2024-11-21,2055,N21,VIIRS,n,2.0NRT,289.92,0.69,N,surat,VIIRS_NOAA21_NRT
21.24663,72.7796,302.68,0.41,0.37,2024-11-21,2055,N21,VIIRS,n,2.0NRT,289.99,0.59,N,surat,VIIRS_NOAA21_NRT
21.11825,72.82812,341.34,0.46,0.39,2024-11-22,807,N21,VIIRS,n,2.0NRT,306.01,6.76,D,surat,VIIRS_NOAA21_NRT
21.34082,72.99706,338.88,0.45,0.39,2024-11-22,807,N21,VIIRS,n,2.0NRT,305.91,5.05,D,surat,VIIRS_NOAA21_NRT
21.248,73.0415,305.15,0.43,0.38,2024-11-22,2038,N21,VIIRS,n,2.0NRT,289.35,0.86,N,surat,VIIRS_NOAA21_NRT
21.28191,72.85184,306.09,0.44,0.38,2024-11-22,2038,N21,VIIRS,n,2.0NRT,289.5,1.06,N,surat,VIIRS_NOAA21_NRT
21.21821,72.9458,302.28,0.53,0.5,2024-11-23,2018,N21,VIIRS,n,2.0NRT,290.29,0.7,N,surat,VIIRS_NOAA21_NRT
21.21609,72.94427,298.8,0.54,0.68,2024-11-24,1959,N21,VIIRS,n,2.0NRT,283.65,0.44,N,surat,VIIRS_NOAA21_NRT
21.21754,72.94518,299.18,0.54,0.68,2024-11-24,1959,N21,VIIRS,n,2.0NRT,283.46,0.8,N,surat,VIIRS_NOAA21_NRT
21.23209,72.97827,305.29,0.48,0.4,2024-11-26,2101,N21,VIIRS,n,2.0NRT,287.67,1.21,N,surat,VIIRS_NOAA21_NRT
21.2987,73.00618,304.68,0.48,0.4,2024-11-26,2101,N21,VIIRS,n,2.0NRT,288.21,0.92,N,surat,VIIRS_NOAA21_NRT
21.05992,72.9439,301.64,0.39,0.36,2024-11-27,2044,N21,VIIRS,n,2.0NRT,289.04,0.35,N,surat,VIIRS_NOAA21_NRT
21.22738,72.77912,310.87,0.39,0.37,2024-11-27,2044,N21,VIIRS,n,2.0NRT,291.93,1.04,N,surat,VIIRS_NOAA21_NRT
21.32448,72.85732,298.45,0.39,0.36,2024-11-27,2044,N21,VIIRS,n,2.0NRT,287.7,0.42,N,surat,VIIRS_NOAA21_NRT
21.18882,72.87589,330.55,0.42,0.45,2024-11-28,2023,N21,VIIRS,n,2.0NRT,292.43,3.19,N,surat,VIIRS_NOAA21_NRT
21.1893,72.87183,309.96,0.42,0.45,2024-11-28,2023,N21,VIIRS,n,2.0NRT,292.03,3.19,N,surat,VIIRS_NOAA21_NRT
21.24704,72.95358,301.52,0.42,0.45,2024-11-28,2023,N21,VIIRS,n,2.0NRT,290.0,0.65,N,surat,VIIRS_NOAA21_NRT
21.27047,72.98921,307.07,0.42,0.45,2024-11-28,2023,N21,VIIRS,n,2.0NRT,289.72,0.59,N,surat,VIIRS_NOAA21_NRT
21.19597,72.98318,332.49,0.37,0.58,2024-11-30,858,N21,VIIRS,n,2.0NRT,302.62,3.52,D,surat,VIIRS_NOAA21_NRT
21.19689,72.98379,337.96,0.37,0.58,2024-11-30,858,N21,VIIRS,n,2.0NRT,302.33,3.31,D,surat,VIIRS_NOAA21_NRT
21.11388,72.89751,331.3,0.54,0.42,2024-12-01,839,N21,VIIRS,n,2.0NRT,302.9,4.15,D,surat,VIIRS_NOAA21_NRT
21.33605,73.00414,300.58,0.39,0.44,2024-12-01,2108,N21,VIIRS,n,2.0NRT,289.12,0.47,N,surat,VIIRS_NOAA21_NRT
21.3439,72.80978,305.05,0.57,0.43,2024-12-01,2108,N21,VIIRS,n,2.0NRT,289.27,1.13,N,surat,VIIRS_NOAA21_NRT
21.23898,73.00948,320.19,0.33,0.55,2024-12-04,2012,N21,VIIRS,n,2.0NRT,292.29,1.64,N,surat,VIIRS_NOAA21_NRT
21.21177,73.03085,297.77,0.42,0.37,2024-12-07,2055,N21,VIIRS,n,2.0NRT,286.17,0.32,N,surat,VIIRS_NOAA21_NRT
21.26584,72.8373,298.15,0.41,0.37,2024-12-07,2055,N21,VIIRS,n,2.0NRT,287.47,0.46,N,surat,VIIRS_NOAA21_NRT
21.29558,72.82683,297.0,0.41,0.37,2024-12-07,2055,N21,VIIRS,n,2.0NRT,286.29,0.45,N,surat,VIIRS_NOAA21_NRT
21.31949,72.87187,303.06,0.41,0.37,2024-12-07,2055,N21,VIIRS,n,2.0NRT,289.68,0.57,N,surat,VIIRS_NOAA21_NRT
21.28799,73.0135,331.26,0.45,0.39,2024-12-08,807,N21,VIIRS,n,2.0NRT,304.71,2.91,D,surat,VIIRS_NOAA21_NRT
21.32199,72.86948,307.76,0.44,0.38,2024-12-08,2038,N21,VIIRS,n,2.0NRT,285.05,1.27,N,surat,VIIRS_NOAA21_NRT
21.32316,72.86893,312.85,0.44,0.38,2024-12-08,2038,N21,VIIRS,n,2.0NRT,284.79,1.39,N,surat,VIIRS_NOAA21_NRT
21.1908,73.0488,304.12,0.62,0.72,2024-12-10,2140,N21,VIIRS,n,2.0NRT,286.43,1.34,N,surat,VIIRS_NOAA21_NRT
21.19103,73.04844,304.12,0.62,0.72,2024-12-10,2140,N21,VIIRS,n,2.0NRT,286.4,1.93,N,surat,VIIRS_NOAA21_NRT
21.33395,72.92564,299.62,0.6,0.53,2024-12-11,2120,N21,VIIRS,n,2.0NRT,288.28,0.8,N,surat,VIIRS_NOAA21_NRT
21.08995,72.85722,302.98,0.48,0.4,2024-12-12,2101,N21,VIIRS,n,2.0NRT,290.37,0.51,N,surat,VIIRS_NOAA21_NRT
21.34922,72.92459,308.79,0.48,0.4,2024-12-12,2101,N21,VIIRS,n,2.0NRT,286.08,1.05,N,surat,VIIRS_NOAA21_NRT
21.07892,72.97099,296.06,0.39,0.36,2024-12-13,2044,N21,VIIRS,n,2.0NRT,280.27,0.5,N,surat,VIIRS_NOAA21_NRT
21.17225,72.93709,295.8,0.39,0.36,2024-12-13,2044,N21,VIIRS,n,2.0NRT,284.82,0.29,N,surat,VIIRS_NOAA21_NRT
21.21936,72.94121,307.41,0.39,0.36,2024-12-13,2044,N21,VIIRS,n,2.0NRT,286.07,0.9,N,surat,VIIRS_NOAA21_NRT
21.24118,72.97572,313.11,0.42,0.45,2024-12-14,2023,N21,VIIRS,n,2.0NRT,285.84,1.75,N,surat,VIIRS_NOAA21_NRT
21.28025,72.83389,298.57,0.44,0.62,2024-12-15,2006,N21,VIIRS,n,2.0NRT,284.89,0.49,N,surat,VIIRS_NOAA21_NRT
21.28351,72.83596,300.82,0.43,0.62,2024-12-15,2006,N21,VIIRS,n,2.0NRT,285.03,0.54,N,surat,VIIRS_NOAA21_NRT
21.31376,72.84578,295.32,0.43,0.62,2024-12-15,2006,N21,VIIRS,n,2.0NRT,285.14,0.37,N,surat,VIIRS_NOAA21_NRT
21.34268,72.84451,295.66,0.44,0.62,2024-12-15,2006,N21,VIIRS,n,2.0NRT,285.11,0.44,N,surat,VIIRS_NOAA21_NRT
21.33921,73.00848,328.89,0.35,0.57,2024-12-20,741,N21,VIIRS,n,2.0NRT,293.26,4.11,D,surat,VIIRS_NOAA21_NRT
21.04849,72.90902,307.72,0.34,0.56,2024-12-20,2012,N21,VIIRS,n,2.0NRT,290.0,0.77,N,surat,VIIRS_NOAA21_NRT
21.23107,73.00772,295.88,0.33,0.56,2024-12-20,2012,N21,VIIRS,n,2.0NRT,285.54,0.38,N,surat,VIIRS_NOAA21_NRT
21.23285,73.00734,301.38,0.33,0.56,2024-12-20,2012,N21,VIIRS,n,2.0NRT,285.94,0.41,N,surat,VIIRS_NOAA21_NRT
21.31819,73.01436,298.33,0.33,0.56,2024-12-20,2012,N21,VIIRS,n,2.0NRT,279.42,0.46,N,surat,VIIRS_NOAA21_NRT
21.21114,73.01304,331.12,0.4,0.37,2024-12-23,826,N21,VIIRS,n,2.0NRT,295.98,2.56,D,surat,VIIRS_NOAA21_NRT
21.31192,72.81871,300.9,0.41,0.37,2024-12-23,2055,N21,VIIRS,n,2.0NRT,286.34,0.55,N,surat,VIIRS_NOAA21_NRT
21.23935,72.96568,332.26,0.45,0.39,2024-12-24,807,N21,VIIRS,n,2.0NRT,298.25,4.0,D,surat,VIIRS_NOAA21_NRT
21.10542,72.84427,304.28,0.44,0.38,2024-12-24,2036,N21,VIIRS,n,2.0NRT,289.96,3.5,N,surat,VIIRS_NOAA21_NRT
21.10601,72.84008,328.06,0.44,0.38,2024-12-24,2036,N21,VIIRS,n,2.0NRT,291.67,5.5,N,surat,VIIRS_NOAA21_NRT
21.20568,72.75989,339.83,0.44,0.39,2024-12-28,832,N21,VIIRS,n,2.0NRT,296.94,11.04,D,surat,VIIRS_NOAA21_NRT
21.33462,72.79208,303.36,0.47,0.39,2024-12-28,2101,N21,VIIRS,n,2.0NRT,289.93,0.76,N,surat,VIIRS_NOAA21_NRT
21.06569,72.90218,333.3,0.4,0.37,2024-12-29,813,N21,VIIRS,n,2.0NRT,303.53,3.81,D,surat,VIIRS_NOAA21_NRT
21.25774,72.99772,309.49,0.39,0.36,2024-12-29,2042,N21,VIIRS,n,2.0NRT,291.3,1.1,N,surat,VIIRS_NOAA21_NRT
21.25505,73.00092,353.25,0.45,0.47,2024-12-30,754,N21,VIIRS,n,2.0NRT,302.68,12.47,D,surat,VIIRS_NOAA21_NRT
21.23356,72.77269,324.77,0.44,0.46,2024-12-30,2023,N21,VIIRS,n,2.0NRT,291.97,3.32,N,surat,VIIRS_NOAA21_NRT
21.24016,73.01486,337.07,0.36,0.58,2025-01-01,858,N21,VIIRS,n,2.0NRT,302.91,4.59,D,surat,VIIRS_NOAA21_NRT
21.2405,73.01834,341.74,0.36,0.58,2025-01-01,858,N21,VIIRS,n,2.0NRT,301.97,4.59,D,surat,VIIRS_NOAA21_NRT
21.28648,73.00182,331.26,0.36,0.58,2025-01-01,858,N21,VIIRS,n,2.0NRT,303.08,2.98,D,surat,VIIRS_NOAA21_NRT
21.33634,72.85689,337.74,0.36,0.57,2025-01-01,858,N21,VIIRS,n,2.0NRT,301.17,2.86,D,surat,VIIRS_NOAA21_NRT
21.30077,72.8874,308.69,0.37,0.58,2025-01-01,2127,N21,VIIRS,n,2.0NRT,291.1,1.04,N,surat,VIIRS_NOAA21_NRT
21.28687,72.89679,297.8,0.38,0.36,2025-01-03,2048,N21,VIIRS,n,2.0NRT,287.2,0.41,N,surat,VIIRS_NOAA21_NRT
21.31734,73.03014,305.35,0.39,0.36,2025-01-03,2048,N21,VIIRS,n,2.0NRT,287.61,0.96,N,surat,VIIRS_NOAA21_NRT
21.32063,73.03073,308.41,0.39,0.36,2025-01-03,2048,N21,VIIRS,n,2.0NRT,288.16,0.96,N,surat,VIIRS_NOAA21_NRT
21.06785,72.96708,301.91,0.39,0.36,2025-01-03,2050,N21,VIIRS,n,2.0NRT,287.32,0.38,N,surat,VIIRS_NOAA21_NRT
21.28773,73.00575,303.91,0.48,0.48,2025-01-07,2114,N21,VIIRS,n,2.0NRT,285.21,1.12,N,surat,VIIRS_NOAA21_NRT
21.28831,73.00798,303.84,0.48,0.48,2025-01-07,2114,N21,VIIRS,n,2.0NRT,285.39,0.86,N,surat,VIIRS_NOAA21_NRT
21.09707,73.01532,323.82,0.41,0.37,2025-01-08,2055,N21,VIIRS,n,2.0NRT,288.63,2.38,N,surat,VIIRS_NOAA21_NRT
21.09774,73.0114,302.5,0.41,0.37,2025-01-08,2055,N21,VIIRS,n,2.0NRT,287.5,0.88,N,surat,VIIRS_NOAA21_NRT
21.27794,72.85939,331.65,0.41,0.37,2025-01-08,2055,N21,VIIRS,n,2.0NRT,289.83,7.45,N,surat,VIIRS_NOAA21_NRT
21.32749,72.83019,308.25,0.57,0.69,2025-01-11,1957,N21,VIIRS,n,2.0NRT,287.65,2.5,N,surat,VIIRS_NOAA21_NRT
21.09609,72.80653,302.22,0.58,0.52,2025-01-12,2120,N21,VIIRS,n,2.0NRT,290.54,19.24,N,surat,VIIRS_NOAA21_NRT
21.09721,72.80104,338.53,0.58,0.52,2025-01-12,2120,N21,VIIRS,n,2.0NRT,298.13,19.24,N,surat,VIIRS_NOAA21_NRT
21.23699,72.96921,302.15,0.59,0.53,2025-01-12,2120,N21,VIIRS,n,2.0NRT,288.51,1.16,N,surat,VIIRS_NOAA21_NRT
21.09758,72.803,349.45,0.44,0.38,2025-01-13,832,N21,VIIRS,n,2.0NRT,315.83,19.89,D,surat,VIIRS_NOAA21_NRT
21.14405,73.02216,334.87,0.4,0.37,2025-01-14,813,N21,VIIRS,n,2.0NRT,303.28,2.1,D,surat,VIIRS_NOAA21_NRT
21.17047,73.02519,332.94,0.4,0.37,2025-01-14,813,N21,VIIRS,n,2.0NRT,303.14,2.11,D,surat,VIIRS_NOAA21_NRT
21.17398,72.93655,303.0,0.4,0.37,2025-01-14,2042,N21,VIIRS,n,2.0NRT,290.38,0.73,N,surat,VIIRS_NOAA21_NRT
21.09696,72.80544,309.39,0.44,0.46,2025-01-15,2025,N21,VIIRS,n,2.0NRT,291.81,1.58,N,surat,VIIRS_NOAA21_NRT
21.23612,72.93427,301.32,0.43,0.46,2025-01-15,2025,N21,VIIRS,n,2.0NRT,289.89,0.74,N,surat,VIIRS_NOAA21_NRT
21.09746,72.80206,300.66,0.45,0.63,2025-01-16,2004,N21,VIIRS,n,2.0NRT,289.16,0.95,N,surat,VIIRS_NOAA21_NRT
21.19754,72.99236,331.22,0.35,0.57,2025-01-17,856,N21,VIIRS,n,2.0NRT,297.6,2.41,D,surat,VIIRS_NOAA21_NRT
21.27173,72.84956,305.07,0.37,0.58,2025-01-17,2127,N21,VIIRS,n,2.0NRT,289.51,0.54,N,surat,VIIRS_NOAA21_NRT
21.27197,72.8501,306.06,0.37,0.58,2025-01-17,2127,N21,VIIRS,n,2.0NRT,289.39,0.65,N,surat,VIIRS_NOAA21_NRT
21.2521,72.97124,299.85,0.38,0.36,2025-01-19,2048,N21,VIIRS,n,2.0NRT,289.49,0.28,N,surat,VIIRS_NOAA21_NRT
21.2927,72.91689,302.57,0.53,0.42,2025-01-20,2029,N21,VIIRS,n,2.0NRT,290.14,0.67,N,surat,VIIRS_NOAA21_NRT
21.01066,72.8199,331.55,0.38,0.59,2025-01-21,741,N21,VIIRS,n,2.0NRT,306.42,2.82,D,surat,VIIRS_NOAA21_NRT
21.05623,72.92118,331.53,0.43,0.46,2025-01-23,843,N21,VIIRS,l,2.0NRT,305.39,1.68,D,surat,VIIRS_NOAA21_NRT
21.17481,72.93481,309.71,0.46,0.47,2025-01-23,2114,N21,VIIRS,n,2.0NRT,290.31,1.03,N,surat,VIIRS_NOAA21_NRT
21.34867,72.99459,299.8,0.46,0.47,2025-01-23,2114,N21,VIIRS,n,2.0NRT,289.29,0.92,N,surat,VIIRS_NOAA21_NRT
21.25053,72.97146,334.15,0.4,0.37,2025-01-24,826,N21,VIIRS,n,2.0NRT,307.05,1.33,D,surat,VIIRS_NOAA21_NRT
21.3486,72.78083,332.4,0.39,0.36,2025-01-24,826,N21,VIIRS,n,2.0NRT,305.58,1.84,D,surat,VIIRS_NOAA21_NRT
21.10296,72.86757,303.65,0.41,0.37,2025-01-24,2053,N21,VIIRS,n,2.0NRT,292.52,0.32,N,surat,VIIRS_NOAA21_NRT
21.04721,72.90825,299.13,0.57,0.69,2025-01-27,1957,N21,VIIRS,n,2.0NRT,289.05,0.88,N,surat,VIIRS_NOAA21_NRT
21.32727,73.02109,335.66,0.41,0.37,2025-01-30,811,N21,VIIRS,n,2.0NRT,309.28,6.66,D,surat,VIIRS_NOAA21_NRT
21.3376,72.99916,355.58,0.41,0.37,2025-01-30,811,N21,VIIRS,l,2.0NRT,311.09,8.34,D,surat,VIIRS_NOAA21_NRT
21.33823,73.00304,335.51,0.41,0.37,2025-01-30,811,N21,VIIRS,l,2.0NRT,309.06,8.34,D,surat,VIIRS_NOAA21_NRT
21.34097,72.99854,355.53,0.41,0.37,2025-01-30,811,N21,VIIRS,l,2.0NRT,311.22,11.61,D,surat,VIIRS_NOAA21_NRT
21.34161,73.00242,352.03,0.41,0.37,2025-01-30,811,N21,VIIRS,n,2.0NRT,310.05,11.61,D,surat,VIIRS_NOAA21_NRT
21.34372,72.99403,346.11,0.41,0.37,2025-01-30,811,N21,VIIRS,n,2.0NRT,308.21,22.13,D,surat,VIIRS_NOAA21_NRT
21.34435,72.99791,355.64,0.41,0.37,2025-01-30,811,N21,VIIRS,l,2.0NRT,310.6,11.61,D,surat,VIIRS_NOAA21_NRT
21.34499,73.0018,350.71,0.41,0.37,2025-01-30,811,N21,VIIRS,n,2.0NRT,309.01,11.61,D,surat,VIIRS_NOAA21_NRT
21.34562,73.00568,345.75,0.41,0.37,2025-01-30,811,N21,VIIRS,n,2.0NRT,309.73,3.87,D,surat,VIIRS_NOAA21_NRT
21.34773,72.99729,340.24,0.41,0.37,2025-01-30,811,N21,VIIRS,n,2.0NRT,307.6,3.8,D,surat,VIIRS_NOAA21_NRT
21.08931,72.97687,304.6,0.44,0.46,2025-01-31,2023,N21,VIIRS,n,2.0NRT,289.71,1.08,N,surat,VIIRS_NOAA21_NRT
21.03293,72.96569,337.12,0.34,0.56,2025-02-02,856,N21,VIIRS,n,2.0NRT,299.23,2.4,D,surat,VIIRS_NOAA21_NRT
21.08334,72.94654,333.9,0.34,0.56,2025-02-02,856,N21,VIIRS,n,2.0NRT,299.45,1.83,D,surat,VIIRS_NOAA21_NRT
21.14447,73.01376,305.84,0.37,0.58,2025-02-02,2127,N21,VIIRS,n,2.0NRT,286.96,1.47,N,surat,VIIRS_NOAA21_NRT
21.34626,72.81594,299.05,0.36,0.57,2025-02-02,2127,N21,VIIRS,n,2.0NRT,285.91,0.46,N,surat,VIIRS_NOAA21_NRT
21.04517,72.9167,316.4,0.56,0.43,2025-02-03,2105,N21,VIIRS,n,2.0NRT,290.89,2.79,N,surat,VIIRS_NOAA21_NRT
21.12796,73.00923,331.38,0.38,0.36,2025-02-04,817,N21,VIIRS,n,2.0NRT,302.1,1.91,D,surat,VIIRS_NOAA21_NRT
21.18542,72.93921,330.64,0.38,0.36,2025-02-04,817,N21,VIIRS,l,2.0NRT,303.01,2.67,D,surat,VIIRS_NOAA21_NRT
21.30042,72.84684,348.84,0.38,0.36,2025-02-04,817,N21,VIIRS,n,2.0NRT,307.43,5.27,D,surat,VIIRS_NOAA21_NRT
21.0467,72.91688,301.49,0.38,0.36,2025-02-04,2048,N21,VIIRS,n,2.0NRT,291.15,0.62,N,surat,VIIRS_NOAA21_NRT
21.11995,72.85855,302.02,0.38,0.36,2025-02-04,2048,N21,VIIRS,n,2.0NRT,290.9,0.62,N,surat,VIIRS_NOAA21_NRT
21.13858,73.00484,298.37,0.38,0.36,2025-02-04,2048,N21,VIIRS,n,2.0NRT,288.09,0.34,N,surat,VIIRS_NOAA21_NRT
21.33505,72.79131,299.86,0.38,0.36,2025-02-04,2048,N21,VIIRS,n,2.0NRT,287.06,0.57,N,surat,VIIRS_NOAA21_NRT
21.30828,72.93505,325.13,0.53,0.42,2025-02-05,2027,N21,VIIRS,n,2.0NRT,289.61,3.41,N,surat,VIIRS_NOAA21_NRT
21.01224,72.7564,332.44,0.39,0.59,2025-02-06,739,N21,VIIRS,n,2.0NRT,299.41,3.27,D,surat,VIIRS_NOAA21_NRT
21.01416,72.75438,330.05,0.39,0.59,2025-02-06,739,N21,VIIRS,n,2.0NRT,298.92,2.54,D,surat,VIIRS_NOAA21_NRT
21.04515,73.00188,305.51,0.35,0.57,2025-02-06,2010,N21,VIIRS,n,2.0NRT,290.6,1.02,N,surat,VIIRS_NOAA21_NRT
21.33418,72.77143,311.2,0.36,0.58,2025-02-06,2010,N21,VIIRS,n,2.0NRT,289.26,1.05,N,surat,VIIRS_NOAA21_NRT
21.06807,72.88674,335.0,0.76,0.77,2025-02-07,722,N21,VIIRS,n,2.0NRT,296.4,6.77,D,surat,VIIRS_NOAA21_NRT
21.27283,72.83128,298.3,0.46,0.63,2025-02-07,2131,N21,VIIRS,n,2.0NRT,287.87,0.23,N,surat,VIIRS_NOAA21_NRT
21.06758,72.88654,331.82,0.39,0.37,2025-02-09,826,N21,VIIRS,n,2.0NRT,304.2,1.5,D,surat,VIIRS_NOAA21_NRT
21.28182,73.03387,306.45,0.41,0.37,2025-02-09,2053,N21,VIIRS,n,2.0NRT,289.78,0.79,N,surat,VIIRS_NOAA21_NRT
21.02675,72.93489,333.69,0.47,0.4,2025-02-10,805,N21,VIIRS,n,2.0NRT,307.93,3.84,D,surat,VIIRS_NOAA21_NRT
21.31267,72.92199,298.36,0.59,0.7,2025-02-12,2137,N21,VIIRS,n,2.0NRT,288.29,1.06,N,surat,VIIRS_NOAA21_NRT
21.01661,72.81528,331.3,0.54,0.51,2025-02-13,849,N21,VIIRS,l,2.0NRT,306.04,5.26,D,surat,VIIRS_NOAA21_NRT
21.2712,72.85581,298.77,0.58,0.52,2025-02-13,2120,N21,VIIRS,n,2.0NRT,288.16,1.33,N,surat,VIIRS_NOAA21_NRT
21.06088,72.85583,338.62,0.44,0.38,2025-02-14,832,N21,VIIRS,n,2.0NRT,309.19,3.99,D,surat,VIIRS_NOAA21_NRT
21.27282,72.8496,299.69,0.46,0.39,2025-02-14,2059,N21,VIIRS,n,2.0NRT,288.99,0.32,N,surat,VIIRS_NOAA21_NRT
21.3007,72.85297,305.26,0.46,0.39,2025-02-14,2059,N21,VIIRS,n,2.0NRT,287.92,0.51,N,surat,VIIRS_NOAA21_NRT
21.30203,72.85101,301.19,0.46,0.39,2025-02-14,2059,N21,VIIRS,n,2.0NRT,288.52,0.83,N,surat,VIIRS_NOAA21_NRT
21.20806,72.97802,308.92,0.4,0.37,2025-02-15,2042,N21,VIIRS,n,2.0NRT,291.01,1.05,N,surat,VIIRS_NOAA21_NRT
21.29761,72.89941,311.91,0.4,0.37,2025-02-15,2042,N21,VIIRS,n,2.0NRT,290.21,0.61,N,surat,VIIRS_NOAA21_NRT
21.01975,72.75423,346.32,0.48,0.48,2025-02-16,754,N21,VIIRS,n,2.0NRT,309.5,13.2,D,surat,VIIRS_NOAA21_NRT
21.31719,73.04219,334.61,0.46,0.47,2025-02-16,754,N21,VIIRS,l,2.0NRT,307.52,3.95,D,surat,VIIRS_NOAA21_NRT
21.15028,72.97857,336.39,0.53,0.42,2025-02-19,837,N21,VIIRS,n,2.0NRT,309.04,4.07,D,surat,VIIRS_NOAA21_NRT
21.34836,72.87321,299.53,0.38,0.36,2025-02-20,2048,N21,VIIRS,n,2.0NRT,289.3,0.41,N,surat,VIIRS_NOAA21_NRT
21.09116,72.99776,321.07,0.52,0.42,2025-02-21,2029,N21,VIIRS,n,2.0NRT,289.54,2.24,N,surat,VIIRS_NOAA21_NRT
21.21027,72.97019,312.8,0.35,0.56,2025-02-22,2010,N21,VIIRS,n,2.0NRT,291.92,1.9,N,surat,VIIRS_NOAA21_NRT
21.24627,72.77414,337.02,0.44,0.62,2025-02-23,904,N21,VIIRS,n,2.0NRT,308.02,2.98,D,surat,VIIRS_NOAA21_NRT
21.33116,72.83868,322.02,0.46,0.64,2025-02-23,2131,N21,VIIRS,n,2.0NRT,290.09,2.65,N,surat,VIIRS_NOAA21_NRT
21.33684,72.8402,309.37,0.46,0.64,2025-02-23,2131,N21,VIIRS,n,2.0NRT,288.65,1.26,N,surat,VIIRS_NOAA21_NRT
21.25706,72.87267,347.46,0.43,0.46,2025-02-24,843,N21,VIIRS,n,2.0NRT,312.25,8.27,D,surat,VIIRS_NOAA21_NRT
21.04673,72.9098,312.44,0.47,0.48,2025-02-24,2114,N21,VIIRS,n,2.0NRT,291.61,1.6,N,surat,VIIRS_NOAA21_NRT
21.25634,72.9301,342.15,0.4,0.37,2025-02-25,826,N21,VIIRS,n,2.0NRT,315.35,4.32,D,surat,VIIRS_NOAA21_NRT
21.20863,72.87888,309.45,0.44,0.39,2025-02-26,2036,N21,VIIRS,n,2.0NRT,295.55,2.17,N,surat,VIIRS_NOAA21_NRT
21.21327,72.81865,314.94,0.45,0.39,2025-02-26,2036,N21,VIIRS,n,2.0NRT,296.99,2.28,N,surat,VIIRS_NOAA21_NRT
21.17767,72.95902,332.42,0.57,0.69,2025-02-28,911,N21,VIIRS,n,2.0NRT,301.26,3.57,D,surat,VIIRS_NOAA21_NRT
21.27921,72.81103,305.94,0.4,0.37,2025-03-03,2042,N21,VIIRS,n,2.0NRT,290.85,0.45,N,surat,VIIRS_NOAA21_NRT
21.04609,72.882,331.5,0.47,0.48,2025-03-04,754,N21,VIIRS,l,2.0NRT,305.73,3.35,D,surat,VIIRS_NOAA21_NRT
21.23339,72.76546,339.28,0.47,0.48,2025-03-04,754,N21,VIIRS,n,2.0NRT,303.09,7.21,D,surat,VIIRS_NOAA21_NRT
21.09681,72.8483,340.02,0.44,0.46,2025-03-04,2023,N21,VIIRS,n,2.0NRT,304.89,14.22,N,surat,VIIRS_NOAA21_NRT
21.09705,72.84736,306.41,0.45,0.63,2025-03-05,2004,N21,VIIRS,n,2.0NRT,295.24,1.19,N,surat,VIIRS_NOAA21_NRT
21.28119,72.82997,367.0,0.35,0.57,2025-03-06,856,N21,VIIRS,h,2.0NRT,313.73,4.86,D,surat,VIIRS_NOAA21_NRT
21.28153,72.8333,334.31,0.35,0.57,2025-03-06,856,N21,VIIRS,n,2.0NRT,309.18,4.86,D,surat,VIIRS_NOAA21_NRT
21.28265,72.82878,367.0,0.35,0.57,2025-03-06,856,N21,VIIRS,h,2.0NRT,313.52,5.12,D,surat,VIIRS_NOAA21_NRT
21.28297,72.83212,345.03,0.35,0.57,2025-03-06,856,N21,VIIRS,n,2.0NRT,311.75,5.12,D,surat,VIIRS_NOAA21_NRT
21.21123,73.02158,300.48,0.38,0.59,2025-03-06,2127,N21,VIIRS,n,2.0NRT,287.28,0.61,N,surat,VIIRS_NOAA21_NRT
21.21198,73.02351,299.21,0.38,0.59,2025-03-06,2127,N21,VIIRS,n,2.0NRT,288.05,0.51,N,surat,VIIRS_NOAA21_NRT
21.27035,72.9249,340.87,0.53,0.42,2025-03-07,837,N21,VIIRS,n,2.0NRT,312.89,5.12,D,surat,VIIRS_NOAA21_NRT
21.34484,72.8227,341.86,0.38,0.36,2025-03-08,820,N21,VIIRS,l,2.0NRT,315.12,7.61,D,surat,VIIRS_NOAA21_NRT
21.02725,72.8121,345.73,0.38,0.59,2025-03-10,741,N21,VIIRS,n,2.0NRT,313.87,5.7,D,surat,VIIRS_NOAA21_NRT
21.04516,72.90736,306.57,0.47,0.64,2025-03-11,2131,N21,VIIRS,n,2.0NRT,293.61,0.79,N,surat,VIIRS_NOAA21_NRT
21.10674,72.85036,343.13,0.47,0.64,2025-03-11,2131,N21,VIIRS,n,2.0NRT,297.37,8.75,N,surat,VIIRS_NOAA21_NRT
21.10773,72.846,310.12,0.47,0.64,2025-03-11,2131,N21,VIIRS,n,2.0NRT,295.05,6.38,N,surat,VIIRS_NOAA21_NRT
21.12241,72.7615,347.79,0.39,0.36,2025-03-13,826,N21,VIIRS,n,2.0NRT,316.9,8.39,D,surat,VIIRS_NOAA21_NRT
21.12296,72.76527,343.17,0.39,0.36,2025-03-13,826,N21,VIIRS,n,2.0NRT,317.94,8.92,D,surat,VIIRS_NOAA21_NRT
21.09739,72.84365,336.17,0.44,0.39,2025-03-14,2036,N21,VIIRS,n,2.0NRT,301.25,11.7,N,surat,VIIRS_NOAA21_NRT
21.12331,72.79981,337.16,0.59,0.53,2025-03-15,748,N21,VIIRS,n,2.0NRT,307.49,5.46,D,surat,VIIRS_NOAA21_NRT
21.09905,72.84154,302.88,0.55,0.51,2025-03-15,2017,N21,VIIRS,n,2.0NRT,291.12,2.04,N,surat,VIIRS_NOAA21_NRT
21.33858,73.01682,334.04,0.58,0.7,2025-03-16,909,N21,VIIRS,n,2.0NRT,302.23,5.18,D,surat,VIIRS_NOAA21_NRT
21.09332,72.83887,318.61,0.57,0.69,2025-03-16,1957,N21,VIIRS,n,2.0NRT,291.54,5.49,N,surat,VIIRS_NOAA21_NRT
21.09377,72.8334,317.05,0.57,0.69,2025-03-16,1957,N21,VIIRS,n,2.0NRT,291.26,4.65,N,surat,VIIRS_NOAA21_NRT
21.09812,72.83568,313.26,0.59,0.7,2025-03-16,2138,N21,VIIRS,n,2.0NRT,290.68,3.49,N,surat,VIIRS_NOAA21_NRT
21.09398,72.84813,305.2,0.4,0.37,2025-03-19,2042,N21,VIIRS,n,2.0NRT,294.33,1.33,N,surat,VIIRS_NOAA21_NRT
21.09565,72.83677,303.32,0.4,0.37,2025-03-19,2042,N21,VIIRS,n,2.0NRT,291.96,0.53,N,surat,VIIRS_NOAA21_NRT
21.18939,72.75903,312.02,0.4,0.37,2025-03-19,2042,N21,VIIRS,n,2.0NRT,291.82,0.93,N,surat,VIIRS_NOAA21_NRT
21.26752,72.80334,305.17,0.4,0.37,2025-03-19,2042,N21,VIIRS,n,2.0NRT,292.46,1.01,N,surat,VIIRS_NOAA21_NRT
21.25912,72.94199,306.29,0.43,0.46,2025-03-20,2021,N21,VIIRS,n,2.0NRT,295.39,1.29,N,surat,VIIRS_NOAA21_NRT
21.07895,72.92435,330.63,0.35,0.57,2025-03-22,856,N21,VIIRS,n,2.0NRT,301.8,4.37,D,surat,VIIRS_NOAA21_NRT
21.07927,72.9277,334.69,0.35,0.57,2025-03-22,856,N21,VIIRS,n,2.0NRT,301.54,4.23,D,surat,VIIRS_NOAA21_NRT
21.08415,72.92372,341.77,0.35,0.57,2025-03-22,856,N21,VIIRS,n,2.0NRT,302.36,10.98,D,surat,VIIRS_NOAA21_NRT
21.08447,72.92709,367.0,0.35,0.57,2025-03-22,856,N21,VIIRS,h,2.0NRT,301.01,13.98,D,surat,VIIRS_NOAA21_NRT
21.3486,72.7781,347.15,0.52,0.42,2025-03-23,837,N21,VIIRS,n,2.0NRT,315.82,10.72,D,surat,VIIRS_NOAA21_NRT
21.09707,72.83792,331.43,0.44,0.62,2025-03-27,902,N21,VIIRS,l,2.0NRT,301.75,1.97,D,surat,VIIRS_NOAA21_NRT
21.06764,72.85226,329.03,0.41,0.37,2025-03-29,2053,N21,VIIRS,n,2.0NRT,296.19,3.11,N,surat,VIIRS_NOAA21_NRT
21.07102,72.8529,309.54,0.41,0.37,2025-03-29,2053,N21,VIIRS,n,2.0NRT,295.76,1.64,N,surat,VIIRS_NOAA21_NRT
21.27356,72.80242,310.65,0.4,0.37,2025-03-29,2053,N21,VIIRS,n,2.0NRT,292.51,1.06,N,surat,VIIRS_NOAA21_NRT
21.14688,72.98387,310.95,0.44,0.38,2025-03-30,2036,N21,VIIRS,n,2.0NRT,292.58,1.33,N,surat,VIIRS_NOAA21_NRT
21.14754,72.98333,314.14,0.44,0.38,2025-03-30,2036,N21,VIIRS,n,2.0NRT,293.48,1.51,N,surat,VIIRS_NOAA21_NRT
21.1661,72.82213,307.42,0.45,0.39,2025-03-30,2036,N21,VIIRS,n,2.0NRT,295.1,1.99,N,surat,VIIRS_NOAA21_NRT
21.0506,72.8547,304.53,0.57,0.69,2025-04-01,1957,N21,VIIRS,n,2.0NRT,286.23,2.47,N,surat,VIIRS_NOAA21_NRT
21.05695,72.85527,302.65,0.57,0.69,2025-04-01,1957,N21,VIIRS,n,2.0NRT,286.42,3.85,N,surat,VIIRS_NOAA21_NRT
21.20644,72.97535,306.29,0.56,0.69,2025-04-01,1957,N21,VIIRS,n,2.0NRT,291.05,1.47,N,surat,VIIRS_NOAA21_NRT
21.05261,72.85234,306.85,0.59,0.7,2025-04-01,2138,N21,VIIRS,n,2.0NRT,290.79,1.65,N,surat,VIIRS_NOAA21_NRT
21.05511,72.85279,307.03,0.59,0.7,2025-04-01,2138,N21,VIIRS,n,2.0NRT,290.6,1.01,N,surat,VIIRS_NOAA21_NRT
21.09707,72.84731,338.62,0.41,0.37,2025-04-04,811,N21,VIIRS,l,2.0NRT,312.37,3.54,D,surat,VIIRS_NOAA21_NRT
21.09824,72.84721,340.35,0.41,0.37,2025-04-04,811,N21,VIIRS,l,2.0NRT,312.73,5.5,D,surat,VIIRS_NOAA21_NRT
21.23214,72.87435,323.56,0.4,0.37,2025-04-04,2042,N21,VIIRS,n,2.0NRT,297.17,3.56,N,surat,VIIRS_NOAA21_NRT
21.34146,72.83575,303.16,0.44,0.46,2025-04-05,2021,N21,VIIRS,n,2.0NRT,292.91,0.49,N,surat,VIIRS_NOAA21_NRT
21.33371,72.76481,343.77,0.7,0.75,2025-04-06,915,N21,VIIRS,n,2.0NRT,308.06,8.5,D,surat,VIIRS_NOAA21_NRT
21.33451,72.76354,336.97,0.71,0.75,2025-04-06,915,N21,VIIRS,n,2.0NRT,307.81,8.45,D,surat,VIIRS_NOAA21_NRT
21.05533,72.85381,311.61,0.37,0.58,2025-04-07,2125,N21,VIIRS,n,2.0NRT,292.64,1.38,N,surat,VIIRS_NOAA21_NRT
21.06501,72.88527,304.58,0.37,0.58,2025-04-07,2125,N21,VIIRS,n,2.0NRT,293.09,0.66,N,surat,VIIRS_NOAA21_NRT
21.0472,72.90714,318.02,0.38,0.36,2025-04-09,2049,N21,VIIRS,n,2.0NRT,295.37,1.85,N,surat,VIIRS_NOAA21_NRT
21.22927,72.87207,308.95,0.38,0.36,2025-04-09,2049,N21,VIIRS,n,2.0NRT,297.46,1.84,N,surat,VIIRS_NOAA21_NRT
21.28724,72.97958,334.01,0.37,0.58,2025-04-11,739,N21,VIIRS,n,2.0NRT,304.41,2.15,D,surat,VIIRS_NOAA21_NRT
21.32965,72.97322,339.81,0.37,0.58,2025-04-11,739,N21,VIIRS,n,2.0NRT,307.27,4.78,D,surat,VIIRS_NOAA21_NRT
21.34585,72.87626,346.22,0.47,0.4,2025-04-15,805,N21,VIIRS,n,2.0NRT,313.88,10.4,D,surat,VIIRS_NOAA21_NRT
21.04529,72.90982,306.2,0.57,0.69,2025-04-17,1957,N21,VIIRS,n,2.0NRT,294.93,2.27,N,surat,VIIRS_NOAA21_NRT
21.04811,72.9083,313.36,0.57,0.69,2025-04-17,1957,N21,VIIRS,n,2.0NRT,294.85,2.28,N,surat,VIIRS_NOAA21_NRT
21.20941,72.87809,312.61,0.4,0.37,2025-04-20,2040,N21,VIIRS,n,2.0NRT,298.45,1.24,N,surat,VIIRS_NOAA21_NRT
21.0515,72.92517,337.05,0.52,0.41,2025-04-24,837,N21,VIIRS,l,2.0NRT,308.55,5.66,D,surat,VIIRS_NOAA21_NRT
21.06733,72.88442,316.98,0.55,0.43,2025-04-24,2106,N21,VIIRS,n,2.0NRT,294.81,2.35,N,surat,VIIRS_NOAA21_NRT
21.14819,72.98174,310.42,0.55,0.51,2025-05-02,2017,N21,VIIRS,n,2.0NRT,296.54,1.34,N,surat,VIIRS_NOAA21_NRT
21.34318,72.97377,336.21,0.36,0.58,2025-05-13,739,N21,VIIRS,n,2.0NRT,293.11,2.67,D,surat,VIIRS_NOAA21_NRT
21.34328,72.97577,333.71,0.37,0.58,2025-05-13,739,N21,VIIRS,n,2.0NRT,291.41,2.62,D,surat,VIIRS_NOAA21_NRT
21.22052,72.77231,333.86,0.43,0.62,2025-05-14,902,N21,VIIRS,n,2.0NRT,296.1,3.02,D,surat,VIIRS_NOAA21_NRT
21.10308,72.97511,339.61,0.4,0.37,2025-05-16,826,N21,VIIRS,n,2.0NRT,303.83,4.73,D,surat,VIIRS_NOAA21_NRT
21.0249,72.98895,331.53,0.4,0.37,2025-06-01,826,N21,VIIRS,n,2.0NRT,301.38,1.58,D,surat,VIIRS_NOAA21_NRT
21.12224,72.75756,334.33,0.44,0.38,2025-06-06,833,N21,VIIRS,l,2.0NRT,305.15,2.2,D,surat,VIIRS_NOAA21_NRT
21.24242,72.76555,332.48,0.44,0.38,2025-06-06,833,N21,VIIRS,l,2.0NRT,304.98,0.85,D,surat,VIIRS_NOAA21_NRT
21.16104,72.97846,331.63,0.38,0.36,2025-06-12,820,N21,VIIRS,l,2.0NRT,303.31,1.97,D,surat,VIIRS_NOAA21_NRT
21.06588,72.88776,306.22,0.44,0.38,2025-08-05,2036,N21,VIIRS,n,2.0NRT,293.16,2.19,N,surat,VIIRS_NOAA21_NRT
21.25796,72.90011,307.84,0.57,0.69,2025-10-10,1957,N21,VIIRS,n,2.0NRT,291.19,1.22,N,surat,VIIRS_NOAA21_NRT
21.13127,73.04765,333.23,0.45,0.39,2025-10-12,833,N21,VIIRS,n,2.0NRT,305.62,2.59,D,surat,VIIRS_NOAA21_NRT
21.13987,72.8054,342.69,0.41,0.37,2025-10-13,811,N21,VIIRS,n,2.0NRT,303.97,10.49,D,surat,VIIRS_NOAA21_NRT
21.15426,72.81965,305.28,0.36,0.57,2025-10-20,2010,N21,VIIRS,n,2.0NRT,292.06,1.15,N,surat,VIIRS_NOAA21_NRT
21.25937,72.94025,312.82,0.35,0.57,2025-10-20,2010,N21,VIIRS,n,2.0NRT,292.33,1.24,N,surat,VIIRS_NOAA21_NRT
21.05358,72.85325,301.35,0.4,0.37,2025-11-08,2055,N21,VIIRS,n,2.0NRT,289.54,0.41,N,surat,VIIRS_NOAA21_NRT
21.33796,72.9998,342.22,0.47,0.4,2025-11-09,807,N21,VIIRS,n,2.0NRT,306.86,5.01,D,surat,VIIRS_NOAA21_NRT
21.34155,72.99911,343.53,0.47,0.4,2025-11-09,807,N21,VIIRS,n,2.0NRT,307.82,5.01,D,surat,VIIRS_NOAA21_NRT
21.34514,72.99841,335.26,0.47,0.4,2025-11-09,807,N21,VIIRS,l,2.0NRT,307.09,3.32,D,surat,VIIRS_NOAA21_NRT
21.05372,72.85521,302.67,0.57,0.52,2025-11-10,2016,N21,VIIRS,n,2.0NRT,288.95,1.12,N,surat,VIIRS_NOAA21_NRT
21.05236,72.85427,302.57,0.58,0.7,2025-11-11,1957,N21,VIIRS,n,2.0NRT,288.85,1.52,N,surat,VIIRS_NOAA21_NRT
21.05303,72.85355,304.64,0.46,0.39,2025-11-13,2059,N21,VIIRS,n,2.0NRT,289.42,0.64,N,surat,VIIRS_NOAA21_NRT
21.04509,72.98568,335.29,0.41,0.37,2025-11-14,811,N21,VIIRS,n,2.0NRT,307.4,3.17,D,surat,VIIRS_NOAA21_NRT
21.34415,73.00292,339.58,0.41,0.37,2025-11-14,811,N21,VIIRS,n,2.0NRT,306.21,4.78,D,surat,VIIRS_NOAA21_NRT
21.22552,72.95993,298.56,0.4,0.37,2025-11-14,2042,N21,VIIRS,n,2.0NRT,288.06,0.5,N,surat,VIIRS_NOAA21_NRT
21.26354,72.96348,339.24,0.47,0.48,2025-11-15,754,N21,VIIRS,n,2.0NRT,303.94,4.56,D,surat,VIIRS_NOAA21_NRT
21.19722,72.95963,336.55,0.53,0.42,2025-11-18,837,N21,VIIRS,n,2.0NRT,305.53,4.31,D,surat,VIIRS_NOAA21_NRT
21.1742,72.93722,304.45,0.56,0.43,2025-11-18,2105,N21,VIIRS,n,2.0NRT,288.09,1.44,N,surat,VIIRS_NOAA21_NRT
21.07765,72.85551,314.44,0.41,0.37,2025-11-24,2053,N21,VIIRS,n,2.0NRT,293.81,1.44,N,surat,VIIRS_NOAA21_NRT
21.05321,72.85161,337.7,0.56,0.51,2025-11-26,2016,N21,VIIRS,n,2.0NRT,291.94,8.79,N,surat,VIIRS_NOAA21_NRT
21.25979,72.93874,305.09,0.4,0.37,2025-11-30,2042,N21,VIIRS,n,2.0NRT,291.76,1.27,N,surat,VIIRS_NOAA21_NRT
21.06617,72.88503,303.9,0.44,0.46,2025-12-01,2023,N21,VIIRS,n,2.0NRT,289.61,0.7,N,surat,VIIRS_NOAA21_NRT
21.25765,72.93916,302.13,0.44,0.46,2025-12-01,2023,N21,VIIRS,n,2.0NRT,291.8,1.15,N,surat,VIIRS_NOAA21_NRT
21.26176,72.9404,310.49,0.37,0.58,2025-12-03,2127,N21,VIIRS,n,2.0NRT,290.85,0.97,N,surat,VIIRS_NOAA21_NRT
21.11458,73.0351,302.1,0.39,0.36,2025-12-05,2048,N21,VIIRS,n,2.0NRT,290.07,0.45,N,surat,VIIRS_NOAA21_NRT
21.07205,72.85263,345.97,0.37,0.58,2025-12-07,741,N21,VIIRS,n,2.0NRT,303.95,2.96,D,surat,VIIRS_NOAA21_NRT
21.06771,72.88577,302.08,0.35,0.57,2025-12-07,2010,N21,VIIRS,n,2.0NRT,289.29,0.57,N,surat,VIIRS_NOAA21_NRT
21.27265,73.03699,303.32,0.47,0.4,2025-12-15,2101,N21,VIIRS,n,2.0NRT,285.87,0.83,N,surat,VIIRS_NOAA21_NRT
21.24868,72.85309,303.87,0.44,0.63,2025-12-18,2004,N21,VIIRS,n,2.0NRT,291.29,0.97,N,surat,VIIRS_NOAA21_NRT
21.0537,72.85371,304.61,0.57,0.43,2025-12-20,2108,N21,VIIRS,n,2.0NRT,280.77,1.11,N,surat,VIIRS_NOAA21_NRT
21.10847,72.83827,328.75,0.53,0.42,2025-12-22,2029,N21,VIIRS,n,2.0NRT,291.03,8.26,N,surat,VIIRS_NOAA21_NRT
21.099,72.88007,298.87,0.35,0.56,2025-12-23,2010,N21,VIIRS,n,2.0NRT,288.2,0.76,N,surat,VIIRS_NOAA21_NRT
21.14863,73.00885,299.38,0.34,0.56,2025-12-23,2010,N21,VIIRS,n,2.0NRT,288.53,0.35,N,surat,VIIRS_NOAA21_NRT
21.10322,72.93979,334.67,0.4,0.37,2025-12-26,826,N21,VIIRS,n,2.0NRT,305.48,2.62,D,surat,VIIRS_NOAA21_NRT
21.16133,73.0253,331.89,0.46,0.39,2025-12-27,807,N21,VIIRS,n,2.0NRT,304.67,4.55,D,surat,VIIRS_NOAA21_NRT
21.18253,72.99122,306.99,0.44,0.38,2025-12-27,2036,N21,VIIRS,n,2.0NRT,290.82,1.13,N,surat,VIIRS_NOAA21_NRT
21.29037,73.00742,298.56,0.54,0.5,2025-12-28,2018,N21,VIIRS,n,2.0NRT,288.12,0.79,N,surat,VIIRS_NOAA21_NRT
21.25308,72.76288,331.28,0.55,0.51,2025-12-30,852,N21,VIIRS,n,2.0NRT,304.42,17.99,D,surat,VIIRS_NOAA21_NRT
21.25365,72.76814,340.11,0.55,0.51,2025-12-30,852,N21,VIIRS,n,2.0NRT,304.99,17.99,D,surat,VIIRS_NOAA21_NRT
21.33204,73.02496,304.94,0.43,0.62,2026-01-03,2004,N21,VIIRS,n,2.0NRT,289.3,0.89,N,surat,VIIRS_NOAA21_NRT
21.3348,73.02388,303.53,0.43,0.62,2026-01-03,2004,N21,VIIRS,n,2.0NRT,289.27,0.85,N,surat,VIIRS_NOAA21_NRT
21.08758,72.94957,331.41,0.36,0.57,2026-01-04,858,N21,VIIRS,n,2.0NRT,299.47,2.52,D,surat,VIIRS_NOAA21_NRT
21.0995,72.84753,327.32,0.34,0.56,2026-01-08,2012,N21,VIIRS,n,2.0NRT,292.97,2.51,N,surat,VIIRS_NOAA21_NRT
21.02696,73.03137,299.58,0.49,0.65,2026-01-09,2131,N21,VIIRS,n,2.0NRT,285.54,0.84,N,surat,VIIRS_NOAA21_NRT
21.25675,72.98737,303.68,0.48,0.48,2026-01-10,2114,N21,VIIRS,n,2.0NRT,288.38,1.82,N,surat,VIIRS_NOAA21_NRT
21.06624,72.88609,299.95,0.41,0.37,2026-01-11,2055,N21,VIIRS,n,2.0NRT,289.6,0.38,N,surat,VIIRS_NOAA21_NRT
21.09849,72.80456,334.7,0.47,0.39,2026-01-12,807,N21,VIIRS,n,2.0NRT,309.62,6.58,D,surat,VIIRS_NOAA21_NRT
21.09978,72.80058,333.26,0.47,0.39,2026-01-12,807,N21,VIIRS,n,2.0NRT,305.54,6.02,D,surat,VIIRS_NOAA21_NRT
21.10057,72.80499,333.9,0.47,0.39,2026-01-12,807,N21,VIIRS,n,2.0NRT,308.83,6.02,D,surat,VIIRS_NOAA21_NRT
21.10207,72.80386,340.64,0.47,0.39,2026-01-12,807,N21,VIIRS,n,2.0NRT,306.44,6.58,D,surat,VIIRS_NOAA21_NRT
21.26607,72.94051,298.78,0.6,0.71,2026-01-14,2140,N21,VIIRS,n,2.0NRT,286.26,1.19,N,surat,VIIRS_NOAA21_NRT
21.04,73.03465,299.49,0.48,0.4,2026-01-16,2101,N21,VIIRS,n,2.0NRT,287.37,0.43,N,surat,VIIRS_NOAA21_NRT
21.14929,72.84912,312.52,0.47,0.4,2026-01-16,2101,N21,VIIRS,n,2.0NRT,292.62,1.2,N,surat,VIIRS_NOAA21_NRT
21.22174,73.03512,367.0,0.45,0.63,2026-01-19,735,N21,VIIRS,h,2.0NRT,298.1,8.97,D,surat,VIIRS_NOAA21_NRT
21.13284,72.93417,310.35,0.48,0.65,2026-01-25,2131,N21,VIIRS,n,2.0NRT,288.39,1.37,N,surat,VIIRS_NOAA21_NRT
21.13862,72.93572,300.52,0.48,0.65,2026-01-25,2131,N21,VIIRS,n,2.0NRT,288.3,1.37,N,surat,VIIRS_NOAA21_NRT
21.18485,72.78873,333.34,0.4,0.37,2026-01-27,826,N21,VIIRS,n,2.0NRT,301.56,2.91,D,surat,VIIRS_NOAA21_NRT
21.3378,72.8981,336.12,0.46,0.39,2026-01-28,807,N21,VIIRS,n,2.0NRT,306.22,3.76,D,surat,VIIRS_NOAA21_NRT
21.00488,72.86785,335.63,0.58,0.52,2026-01-29,748,N21,VIIRS,n,2.0NRT,301.39,4.87,D,surat,VIIRS_NOAA21_NRT
21.20918,73.02583,335.34,0.46,0.39,2026-02-01,832,N21,VIIRS,n,2.0NRT,304.68,15.16,D,surat,VIIRS_NOAA21_NRT
21.09439,72.80317,335.55,0.41,0.37,2026-02-02,813,N21,VIIRS,n,2.0NRT,302.59,16.14,D,surat,VIIRS_NOAA21_NRT
21.09777,72.80254,336.17,0.41,0.37,2026-02-02,813,N21,VIIRS,n,2.0NRT,310.72,16.14,D,surat,VIIRS_NOAA21_NRT
21.33693,72.99288,340.62,0.4,0.37,2026-02-02,813,N21,VIIRS,n,2.0NRT,305.83,6.24,D,surat,VIIRS_NOAA21_NRT
21.33818,73.00053,355.53,0.4,0.37,2026-02-02,813,N21,VIIRS,n,2.0NRT,307.23,31.11,D,surat,VIIRS_NOAA21_NRT
21.34029,72.99227,345.94,0.4,0.37,2026-02-02,813,N21,VIIRS,n,2.0NRT,306.59,6.24,D,surat,VIIRS_NOAA21_NRT
21.34154,72.99991,355.8,0.4,0.37,2026-02-02,813,N21,VIIRS,l,2.0NRT,307.45,31.11,D,surat,VIIRS_NOAA21_NRT
21.34216,73.00373,349.66,0.4,0.37,2026-02-02,813,N21,VIIRS,n,2.0NRT,307.76,12.3,D,surat,VIIRS_NOAA21_NRT
21.34489,72.9993,355.86,0.4,0.37,2026-02-02,813,N21,VIIRS,l,2.0NRT,307.9,23.73,D,surat,VIIRS_NOAA21_NRT
21.34551,73.00313,344.34,0.4,0.37,2026-02-02,813,N21,VIIRS,n,2.0NRT,306.06,2.43,D,surat,VIIRS_NOAA21_NRT
21.34614,73.00694,330.95,0.4,0.37,2026-02-02,813,N21,VIIRS,n,2.0NRT,304.02,2.43,D,surat,VIIRS_NOAA21_NRT
21.34762,72.99485,349.01,0.4,0.37,2026-02-02,813,N21,VIIRS,n,2.0NRT,305.99,23.73,D,surat,VIIRS_NOAA21_NRT
21.09766,72.80133,348.63,0.46,0.47,2026-02-03,756,N21,VIIRS,n,2.0NRT,317.87,52.49,D,surat,VIIRS_NOAA21_NRT
21.09851,72.80571,340.04,0.46,0.47,2026-02-03,756,N21,VIIRS,n,2.0NRT,304.73,23.59,D,surat,VIIRS_NOAA21_NRT
21.09752,72.80414,321.19,0.43,0.46,2026-02-03,2023,N21,VIIRS,n,2.0NRT,295.2,3.41,N,surat,VIIRS_NOAA21_NRT
21.21647,72.81996,301.63,0.44,0.63,2026-02-04,2006,N21,VIIRS,n,2.0NRT,291.38,0.52,N,surat,VIIRS_NOAA21_NRT
21.26126,72.9418,305.42,0.38,0.59,2026-02-05,2127,N21,VIIRS,n,2.0NRT,290.79,1.13,N,surat,VIIRS_NOAA21_NRT
21.08227,72.90431,336.27,0.38,0.36,2026-02-07,820,N21,VIIRS,n,2.0NRT,310.63,3.81,D,surat,VIIRS_NOAA21_NRT
21.25882,72.94001,315.26,0.39,0.36,2026-02-07,2050,N21,VIIRS,n,2.0NRT,293.36,1.17,N,surat,VIIRS_NOAA21_NRT
21.34464,72.95939,302.45,0.39,0.36,2026-02-07,2050,N21,VIIRS,n,2.0NRT,292.03,0.54,N,surat,VIIRS_NOAA21_NRT
21.10298,72.86774,303.64,0.47,0.48,2026-02-11,2114,N21,VIIRS,n,2.0NRT,292.04,0.58,N,surat,VIIRS_NOAA21_NRT
21.19107,72.97655,341.54,0.57,0.52,2026-02-14,748,N21,VIIRS,n,2.0NRT,305.31,11.16,D,surat,VIIRS_NOAA21_NRT
21.07529,72.84612,338.02,0.59,0.7,2026-02-15,730,N21,VIIRS,n,2.0NRT,300.9,6.71,D,surat,VIIRS_NOAA21_NRT
21.13958,72.81229,335.82,0.55,0.51,2026-02-16,852,N21,VIIRS,n,2.0NRT,304.56,3.18,D,surat,VIIRS_NOAA21_NRT
21.01876,72.85502,330.2,0.41,0.37,2026-02-18,813,N21,VIIRS,l,2.0NRT,304.81,2.5,D,surat,VIIRS_NOAA21_NRT
21.03023,72.98803,341.01,0.4,0.37,2026-02-18,813,N21,VIIRS,n,2.0NRT,303.5,161.41,D,surat,VIIRS_NOAA21_NRT
21.20104,72.86301,311.9,0.4,0.37,2026-02-18,2044,N21,VIIRS,n,2.0NRT,293.32,1.04,N,surat,VIIRS_NOAA21_NRT
21.23937,72.85787,320.82,0.4,0.37,2026-02-18,2044,N21,VIIRS,n,2.0NRT,288.83,1.94,N,surat,VIIRS_NOAA21_NRT
21.27188,72.97009,333.04,0.36,0.57,2026-02-21,858,N21,VIIRS,n,2.0NRT,305.96,2.61,D,surat,VIIRS_NOAA21_NRT
21.16128,72.88554,307.05,0.38,0.58,2026-02-21,2127,N21,VIIRS,n,2.0NRT,292.97,0.64,N,surat,VIIRS_NOAA21_NRT
21.18637,72.96562,307.07,0.39,0.36,2026-02-23,2050,N21,VIIRS,n,2.0NRT,292.46,0.36,N,surat,VIIRS_NOAA21_NRT
21.27168,72.87173,302.87,0.35,0.57,2026-02-25,2012,N21,VIIRS,n,2.0NRT,291.71,1.75,N,surat,VIIRS_NOAA21_NRT
21.27201,72.86839,327.29,0.35,0.57,2026-02-25,2012,N21,VIIRS,n,2.0NRT,293.41,3.01,N,surat,VIIRS_NOAA21_NRT
21.22918,73.02632,339.73,0.72,0.75,2026-02-26,724,N21,VIIRS,n,2.0NRT,297.56,7.7,D,surat,VIIRS_NOAA21_NRT
21.23051,73.02544,338.2,0.72,0.75,2026-02-26,724,N21,VIIRS,n,2.0NRT,297.08,6.28,D,surat,VIIRS_NOAA21_NRT
21.09029,72.94988,331.73,0.45,0.63,2026-02-26,904,N21,VIIRS,n,2.0NRT,302.98,3.23,D,surat,VIIRS_NOAA21_NRT
21.21309,73.02618,339.68,0.45,0.39,2026-03-05,832,N21,VIIRS,n,2.0NRT,311.53,2.63,D,surat,VIIRS_NOAA21_NRT
21.00113,72.85988,340.55,0.41,0.37,2026-03-06,813,N21,VIIRS,n,2.0NRT,311.05,4.95,D,surat,VIIRS_NOAA21_NRT
21.1971,72.9845,341.85,0.45,0.47,2026-03-07,756,N21,VIIRS,n,2.0NRT,313.85,6.69,D,surat,VIIRS_NOAA21_NRT
21.29993,72.77231,348.93,0.35,0.56,2026-03-09,858,N21,VIIRS,n,2.0NRT,309.98,6.08,D,surat,VIIRS_NOAA21_NRT
21.07854,72.89374,346.91,0.38,0.36,2026-03-11,820,N21,VIIRS,n,2.0NRT,321.09,12.42,D,surat,VIIRS_NOAA21_NRT
21.12196,72.80328,343.75,0.38,0.36,2026-03-11,820,N21,VIIRS,n,2.0NRT,316.18,3.99,D,surat,VIIRS_NOAA21_NRT
21.15663,72.81443,318.4,0.38,0.36,2026-03-11,2049,N21,VIIRS,n,2.0NRT,298.37,2.26,N,surat,VIIRS_NOAA21_NRT
21.12824,72.75676,342.71,0.44,0.62,2026-03-14,905,N21,VIIRS,n,2.0NRT,310.45,3.09,D,surat,VIIRS_NOAA21_NRT
21.12314,72.79157,343.61,0.43,0.46,2026-03-15,845,N21,VIIRS,n,2.0NRT,312.72,4.64,D,surat,VIIRS_NOAA21_NRT
21.20443,72.82053,306.94,0.41,0.37,2026-03-16,2055,N21,VIIRS,n,2.0NRT,295.99,1.34,N,surat,VIIRS_NOAA21_NRT
21.33803,72.85258,331.23,0.58,0.52,2026-03-18,748,N21,VIIRS,n,2.0NRT,304.58,3.1,D,surat,VIIRS_NOAA21_NRT
21.10731,72.81139,333.92,0.54,0.51,2026-03-20,852,N21,VIIRS,l,2.0NRT,304.22,4.05,D,surat,VIIRS_NOAA21_NRT
21.29647,72.99394,332.05,0.56,0.52,2026-03-20,852,N21,VIIRS,n,2.0NRT,301.3,2.7,D,surat,VIIRS_NOAA21_NRT
21.29849,72.99668,332.47,0.56,0.52,2026-03-20,852,N21,VIIRS,n,2.0NRT,300.92,4.19,D,surat,VIIRS_NOAA21_NRT
21.25788,72.93787,307.72,0.47,0.39,2026-03-21,2101,N21,VIIRS,n,2.0NRT,293.67,1.22,N,surat,VIIRS_NOAA21_NRT
21.10501,72.80172,337.09,0.71,0.75,2026-03-24,915,N21,VIIRS,n,2.0NRT,302.84,57.75,D,surat,VIIRS_NOAA21_NRT
21.1055,72.80849,367.0,0.71,0.75,2026-03-24,915,N21,VIIRS,h,2.0NRT,303.04,57.75,D,surat,VIIRS_NOAA21_NRT
21.11189,72.80109,342.26,0.71,0.75,2026-03-24,915,N21,VIIRS,n,2.0NRT,305.41,50.13,D,surat,VIIRS_NOAA21_NRT
21.11239,72.80788,367.0,0.71,0.75,2026-03-24,915,N21,VIIRS,h,2.0NRT,303.1,50.13,D,surat,VIIRS_NOAA21_NRT
21.10881,72.80364,340.22,0.45,0.63,2026-03-24,2006,N21,VIIRS,n,2.0NRT,302.71,9.0,N,surat,VIIRS_NOAA21_NRT
21.10509,72.8067,312.01,0.73,0.76,2026-03-24,2146,N21,VIIRS,n,2.0NRT,293.91,4.36,N,surat,VIIRS_NOAA21_NRT
21.10524,72.80469,316.58,0.73,0.76,2026-03-24,2146,N21,VIIRS,n,2.0NRT,294.76,4.37,N,surat,VIIRS_NOAA21_NRT
21.1534,72.76168,334.81,0.34,0.56,2026-03-25,858,N21,VIIRS,n,2.0NRT,304.37,2.02,D,surat,VIIRS_NOAA21_NRT
21.06519,72.88463,310.96,0.37,0.58,2026-03-25,2125,N21,VIIRS,n,2.0NRT,292.73,1.46,N,surat,VIIRS_NOAA21_NRT
21.10962,72.8054,307.15,0.36,0.58,2026-03-25,2125,N21,VIIRS,n,2.0NRT,296.17,1.79,N,surat,VIIRS_NOAA21_NRT
21.15793,72.88657,313.95,0.37,0.58,2026-03-25,2125,N21,VIIRS,n,2.0NRT,293.46,1.62,N,surat,VIIRS_NOAA21_NRT
21.08739,72.82037,335.69,0.52,0.42,2026-03-26,837,N21,VIIRS,l,2.0NRT,307.62,5.61,D,surat,VIIRS_NOAA21_NRT
21.11082,72.82199,337.8,0.52,0.42,2026-03-26,837,N21,VIIRS,l,2.0NRT,309.14,5.65,D,surat,VIIRS_NOAA21_NRT
21.33238,72.78601,339.21,0.57,0.43,2026-03-28,803,N21,VIIRS,n,2.0NRT,311.4,8.2,D,surat,VIIRS_NOAA21_NRT
21.0074,72.96613,336.85,0.37,0.58,2026-03-29,741,N21,VIIRS,n,2.0NRT,299.62,4.19,D,surat,VIIRS_NOAA21_NRT
21.23061,72.87337,338.22,0.43,0.46,2026-03-31,845,N21,VIIRS,n,2.0NRT,307.84,2.08,D,surat,VIIRS_NOAA21_NRT
21.25891,72.93906,307.72,0.41,0.37,2026-04-01,2055,N21,VIIRS,n,2.0NRT,289.25,0.8,N,surat,VIIRS_NOAA21_NRT
21.27045,72.8696,330.42,0.4,0.37,2026-04-01,2055,N21,VIIRS,n,2.0NRT,289.11,3.46,N,surat,VIIRS_NOAA21_NRT
21.03761,72.91897,333.79,0.47,0.4,2026-04-02,807,N21,VIIRS,l,2.0NRT,306.13,4.06,D,surat,VIIRS_NOAA21_NRT
21.10814,72.80425,346.29,0.47,0.4,2026-04-02,807,N21,VIIRS,n,2.0NRT,315.09,7.19,D,surat,VIIRS_NOAA21_NRT
21.02133,72.94945,335.97,0.55,0.51,2026-04-05,852,N21,VIIRS,n,2.0NRT,302.77,4.62,D,surat,VIIRS_NOAA21_NRT
21.01485,72.96106,332.75,0.44,0.38,2026-04-06,833,N21,VIIRS,l,2.0NRT,305.36,1.76,D,surat,VIIRS_NOAA21_NRT
21.02863,72.81877,338.97,0.44,0.38,2026-04-06,833,N21,VIIRS,n,2.0NRT,308.0,4.51,D,surat,VIIRS_NOAA21_NRT
21.30011,72.95801,337.4,0.44,0.39,2026-04-06,833,N21,VIIRS,l,2.0NRT,309.45,6.75,D,surat,VIIRS_NOAA21_NRT
21.03889,72.83414,355.28,0.48,0.65,2026-04-09,735,N21,VIIRS,n,2.0NRT,303.73,13.16,D,surat,VIIRS_NOAA21_NRT
21.03993,72.83459,367.0,0.48,0.65,2026-04-09,735,N21,VIIRS,h,2.0NRT,304.47,13.21,D,surat,VIIRS_NOAA21_NRT
21.03587,72.8356,338.48,0.7,0.75,2026-04-09,915,N21,VIIRS,n,2.0NRT,301.7,6.84,D,surat,VIIRS_NOAA21_NRT
21.25644,72.94067,314.43,0.46,0.63,2026-04-15,2131,N21,VIIRS,n,2.0NRT,296.45,2.52,N,surat,VIIRS_NOAA21_NRT
21.29313,72.81722,338.17,0.42,0.45,2026-04-16,843,N21,VIIRS,l,2.0NRT,311.67,4.23,D,surat,VIIRS_NOAA21_NRT
21.25812,72.94012,308.84,0.46,0.47,2026-04-16,2114,N21,VIIRS,n,2.0NRT,297.6,1.98,N,surat,VIIRS_NOAA21_NRT
21.04658,72.8401,343.95,0.43,0.38,2026-04-22,833,N21,VIIRS,n,2.0NRT,316.97,7.11,D,surat,VIIRS_NOAA21_NRT
21.0609,72.92513,342.63,0.48,0.48,2026-04-24,754,N21,VIIRS,n,2.0NRT,311.12,8.0,D,surat,VIIRS_NOAA21_NRT
21.34829,72.97382,342.78,0.47,0.64,2026-04-25,735,N21,VIIRS,n,2.0NRT,309.53,3.54,D,surat,VIIRS_NOAA21_NRT
21.02036,72.75562,334.82,0.33,0.56,2026-04-26,858,N21,VIIRS,l,2.0NRT,308.65,4.72,D,surat,VIIRS_NOAA21_NRT
21.02068,72.75881,349.35,0.33,0.56,2026-04-26,858,N21,VIIRS,n,2.0NRT,307.78,4.72,D,surat,VIIRS_NOAA21_NRT
21.32497,72.95746,325.1,0.53,0.42,2026-04-29,2029,N21,VIIRS,n,2.0NRT,297.45,5.89,N,surat,VIIRS_NOAA21_NRT
21.09617,72.80368,316.26,0.45,0.47,2026-05-02,2114,N21,VIIRS,n,2.0NRT,297.75,4.13,N,surat,VIIRS_NOAA21_NRT
21.04607,72.8764,311.36,0.4,0.37,2026-05-03,2055,N21,VIIRS,n,2.0NRT,297.84,2.79,N,surat,VIIRS_NOAA21_NRT
21.0994,72.84979,337.68,0.53,0.5,2026-05-07,852,N21,VIIRS,n,2.0NRT,303.23,2.99,D,surat,VIIRS_NOAA21_NRT
21.09855,72.80712,310.97,0.4,0.37,2026-05-09,2042,N21,VIIRS,n,2.0NRT,298.58,0.67,N,surat,VIIRS_NOAA21_NRT
21.06093,72.97558,337.84,0.47,0.48,2026-05-10,754,N21,VIIRS,l,2.0NRT,310.16,4.68,D,surat,VIIRS_NOAA21_NRT
21.03208,72.83774,310.04,0.45,0.63,2026-05-11,2004,N21,VIIRS,n,2.0NRT,296.29,1.12,N,surat,VIIRS_NOAA21_NRT
21.25765,72.9426,307.43,0.45,0.63,2026-05-11,2004,N21,VIIRS,n,2.0NRT,296.19,1.23,N,surat,VIIRS_NOAA21_NRT
21.06497,72.86002,339.79,0.39,0.36,2026-05-14,820,N21,VIIRS,l,2.0NRT,310.14,5.45,D,surat,VIIRS_NOAA21_NRT
21.09706,72.80531,339.15,0.39,0.36,2026-05-14,820,N21,VIIRS,l,2.0NRT,311.97,6.25,D,surat,VIIRS_NOAA21_NRT
21.05424,72.85445,309.78,0.38,0.36,2026-05-14,2046,N21,VIIRS,n,2.0NRT,297.27,0.24,N,surat,VIIRS_NOAA21_NRT
21.00798,72.81928,330.16,0.39,0.44,2026-05-15,801,N21,VIIRS,n,2.0NRT,296.5,1.33,D,surat,VIIRS_NOAA21_NRT
21.16931,72.75928,338.97,0.39,0.59,2026-05-16,741,N21,VIIRS,n,2.0NRT,308.36,4.85,D,surat,VIIRS_NOAA21_NRT
21.05602,72.85232,307.02,0.36,0.57,2026-05-16,2010,N21,VIIRS,n,2.0NRT,296.81,0.37,N,surat,VIIRS_NOAA21_NRT
21.08986,72.97285,352.68,0.44,0.62,2026-05-17,905,N21,VIIRS,n,2.0NRT,311.95,10.51,D,surat,VIIRS_NOAA21_NRT
21.11657,72.76507,333.05,0.39,0.36,2026-05-19,826,N21,VIIRS,n,2.0NRT,300.69,1.25,D,surat,VIIRS_NOAA21_NRT
21.28374,72.86271,336.44,0.47,0.4,2026-05-20,807,N21,VIIRS,l,2.0NRT,306.39,4.06,D,surat,VIIRS_NOAA21_NRT
21.05249,72.85519,311.71,0.45,0.39,2026-05-20,2036,N21,VIIRS,n,2.0NRT,294.86,1.54,N,surat,VIIRS_NOAA21_NRT
21.05309,72.85091,316.66,0.45,0.39,2026-05-20,2036,N21,VIIRS,n,2.0NRT,294.76,1.67,N,surat,VIIRS_NOAA21_NRT
21.11639,72.98357,340.26,0.44,0.38,2026-05-24,833,N21,VIIRS,n,2.0NRT,306.84,5.85,D,surat,VIIRS_NOAA21_NRT
21.2942,72.96198,336.83,0.44,0.39,2026-05-24,833,N21,VIIRS,n,2.0NRT,305.22,3.68,D,surat,VIIRS_NOAA21_NRT
21.06963,72.97847,337.27,0.41,0.37,2026-05-25,813,N21,VIIRS,l,2.0NRT,310.57,5.35,D,surat,VIIRS_NOAA21_NRT
21.17318,72.76154,330.14,0.49,0.65,2026-05-27,735,N21,VIIRS,l,2.0NRT,304.05,5.82,D,surat,VIIRS_NOAA21_NRT
21.17464,72.76149,330.52,0.49,0.65,2026-05-27,735,N21,VIIRS,l,2.0NRT,303.88,6.42,D,surat,VIIRS_NOAA21_NRT
21.10651,72.80592,305.72,0.73,0.76,2026-05-27,2144,N21,VIIRS,n,2.0NRT,294.07,4.65,N,surat,VIIRS_NOAA21_NRT
21.11616,72.98301,338.01,0.52,0.42,2026-05-29,837,N21,VIIRS,n,2.0NRT,304.61,4.95,D,surat,VIIRS_NOAA21_NRT
21.07907,72.9542,308.58,0.38,0.36,2026-05-30,2046,N21,VIIRS,n,2.0NRT,296.83,3.43,N,surat,VIIRS_NOAA21_NRT
21.29711,72.93909,330.1,0.57,0.43,2026-05-31,801,N21,VIIRS,l,2.0NRT,304.7,2.69,D,surat,VIIRS_NOAA21_NRT
21.11986,72.99519,331.69,0.47,0.4,2026-06-05,805,N21,VIIRS,l,2.0NRT,305.09,2.91,D,surat,VIIRS_NOAA21_NRT
21.15932,72.97932,332.71,0.47,0.4,2026-06-05,805,N21,VIIRS,l,2.0NRT,304.04,4.01,D,surat,VIIRS_NOAA21_NRT
21.11311,72.81007,330.14,0.61,0.53,2026-06-06,748,N21,VIIRS,l,2.0NRT,300.97,4.25,D,surat,VIIRS_NOAA21_NRT
21.06294,72.94107,334.64,0.44,0.38,2026-06-09,833,N21,VIIRS,n,2.0NRT,299.65,4.32,D,surat,VIIRS_NOAA21_NRT
21.16559,73.00392,336.57,0.44,0.39,2026-06-09,833,N21,VIIRS,n,2.0NRT,300.81,4.32,D,surat,VIIRS_NOAA21_NRT
21.16911,73.00338,338.71,0.44,0.39,2026-06-09,833,N21,VIIRS,n,2.0NRT,304.36,4.32,D,surat,VIIRS_NOAA21_NRT
21.00576,72.81909,340.29,0.34,0.56,2026-06-13,856,N21,VIIRS,n,2.0NRT,297.56,4.04,D,surat,VIIRS_NOAA21_NRT
21.1207,72.85013,331.59,0.34,0.56,2026-06-13,856,N21,VIIRS,n,2.0NRT,297.48,1.24,D,surat,VIIRS_NOAA21_NRT
21.03976,72.79787,310.94,0.54,0.42,2026-06-16,2029,N21,VIIRS,n,2.0NRT,296.76,4.54,N,surat,VIIRS_NOAA21_NRT
21.26538,72.93906,307.17,0.46,0.39,2026-06-25,2059,N21,VIIRS,n,2.0NRT,291.57,4.0,N,surat,VIIRS_NOAA21_NRT
21.16999,72.75337,342.48,0.49,0.48,2026-06-27,754,N21,VIIRS,n,2.0NRT,301.33,9.42,D,surat,VIIRS_NOAA21_NRT
21.12215,72.76595,339.42,0.44,0.38,2026-06-01,835,N20,VIIRS,n,2.0NRT,309.39,3.95,D,surat,VIIRS_NOAA20_NRT
21.12293,72.76644,339.59,0.44,0.38,2026-06-01,835,N20,VIIRS,n,2.0NRT,309.1,5.15,D,surat,VIIRS_NOAA20_NRT
21.27349,72.87022,308.42,0.36,0.58,2026-06-05,2127,N20,VIIRS,n,2.0NRT,292.63,1.06,N,surat,VIIRS_NOAA20_NRT
21.12321,72.86747,337.57,0.52,0.42,2026-06-06,839,N20,VIIRS,n,2.0NRT,306.2,4.14,D,surat,VIIRS_NOAA20_NRT
21.06237,72.94379,341.52,0.37,0.58,2026-06-09,744,N20,VIIRS,n,2.0NRT,297.8,4.35,D,surat,VIIRS_NOAA20_NRT
21.0526,72.85437,338.03,0.59,0.7,2026-06-15,2142,N20,VIIRS,n,2.0NRT,292.86,7.63,N,surat,VIIRS_NOAA20_NRT
21.05567,72.85198,344.06,0.59,0.7,2026-06-15,2142,N20,VIIRS,n,2.0NRT,292.93,8.57,N,surat,VIIRS_NOAA20_NRT
21.07619,72.85633,313.14,0.58,0.52,2026-06-16,2123,N20,VIIRS,n,2.0NRT,294.79,5.37,N,surat,VIIRS_NOAA20_NRT
21.25727,72.94133,305.62,0.59,0.53,2026-06-16,2123,N20,VIIRS,n,2.0NRT,294.22,4.42,N,surat,VIIRS_NOAA20_NRT
21.26562,72.94264,308.51,0.47,0.4,2026-06-17,2104,N20,VIIRS,n,2.0NRT,294.55,2.4,N,surat,VIIRS_NOAA20_NRT
21.11314,72.96664,337.16,0.36,0.58,2026-06-25,746,N20,VIIRS,n,2.0NRT,298.12,1.65,D,surat,VIIRS_NOAA20_NRT
21.00102,72.90402,336.93,0.44,0.63,2026-06-26,905,N20,VIIRS,n,2.0NRT,295.22,2.36,D,surat,VIIRS_NOAA20_NRT
21.0448,72.92223,335.08,0.4,0.37,2026-06-28,830,N20,VIIRS,n,2.0NRT,300.64,1.36,D,surat,VIIRS_NOAA20_NRT
21.05456,72.85148,304.19,0.57,0.43,2026-08-09,2112,N20,VIIRS,n,2.0NRT,282.65,0.7,N,surat,VIIRS_NOAA20_NRT
21.05469,72.85502,306.21,0.57,0.43,2026-08-09,2112,N20,VIIRS,n,2.0NRT,282.14,0.79,N,surat,VIIRS_NOAA20_NRT
21.03813,72.91778,344.86,0.38,0.36,2026-05-10,828,N,VIIRS,n,2.0NRT,314.51,7.15,D,surat,VIIRS_SNPP_NRT
21.09898,72.8278,342.11,0.38,0.36,2026-05-10,828,N,VIIRS,l,2.0NRT,314.02,7.15,D,surat,VIIRS_SNPP_NRT
21.03524,72.83838,312.23,0.52,0.42,2026-05-11,2038,N,VIIRS,n,2.0NRT,298.31,1.21,N,surat,VIIRS_SNPP_NRT
21.00509,72.81883,333.94,0.4,0.37,2026-05-15,835,N,VIIRS,n,2.0NRT,297.12,2.23,D,surat,VIIRS_SNPP_NRT
21.16934,72.76089,352.14,0.46,0.39,2026-05-16,816,N,VIIRS,n,2.0NRT,313.88,10.62,D,surat,VIIRS_SNPP_NRT
21.25829,72.94191,312.53,0.44,0.38,2026-05-16,2044,N,VIIRS,n,2.0NRT,299.61,0.86,N,surat,VIIRS_SNPP_NRT
21.28122,72.86385,339.31,0.45,0.39,2026-05-20,839,N,VIIRS,n,2.0NRT,307.93,4.32,D,surat,VIIRS_SNPP_NRT
21.05298,72.85163,313.05,0.47,0.4,2026-05-20,2110,N,VIIRS,n,2.0NRT,294.04,1.06,N,surat,VIIRS_SNPP_NRT
21.25897,72.93421,310.53,0.39,0.36,2026-05-21,2051,N,VIIRS,n,2.0NRT,295.97,0.62,N,surat,VIIRS_SNPP_NRT
21.29998,72.98735,334.53,0.44,0.46,2026-05-22,801,N,VIIRS,n,2.0NRT,296.58,2.73,D,surat,VIIRS_SNPP_NRT
21.24687,72.78374,331.0,0.35,0.57,2026-05-24,905,N,VIIRS,n,2.0NRT,300.33,2.04,D,surat,VIIRS_SNPP_NRT
21.08603,73.03615,331.26,0.55,0.43,2026-05-25,845,N,VIIRS,l,2.0NRT,304.62,1.3,D,surat,VIIRS_SNPP_NRT
21.0667,72.97672,336.74,0.38,0.36,2026-05-26,828,N,VIIRS,l,2.0NRT,310.88,3.89,D,surat,VIIRS_SNPP_NRT
21.31636,72.83803,335.11,0.38,0.36,2026-05-26,828,N,VIIRS,l,2.0NRT,310.08,1.35,D,surat,VIIRS_SNPP_NRT
21.31693,72.84171,338.68,0.38,0.36,2026-05-26,828,N,VIIRS,n,2.0NRT,310.84,2.41,D,surat,VIIRS_SNPP_NRT
21.32169,72.97182,309.28,0.33,0.56,2026-05-28,2019,N,VIIRS,n,2.0NRT,296.37,1.96,N,surat,VIIRS_SNPP_NRT
21.12341,72.76467,340.6,0.4,0.37,2026-05-31,835,N,VIIRS,n,2.0NRT,305.25,1.26,D,surat,VIIRS_SNPP_NRT
21.29788,72.94031,332.59,0.4,0.37,2026-05-31,835,N,VIIRS,l,2.0NRT,305.77,1.63,D,surat,VIIRS_SNPP_NRT
21.05433,72.85259,312.58,0.41,0.37,2026-05-31,2104,N,VIIRS,n,2.0NRT,296.27,2.78,N,surat,VIIRS_SNPP_NRT
21.26367,72.94025,311.78,0.41,0.37,2026-05-31,2104,N,VIIRS,n,2.0NRT,294.82,2.05,N,surat,VIIRS_SNPP_NRT
21.06759,72.95792,332.02,0.45,0.39,2026-06-05,839,N,VIIRS,l,2.0NRT,304.07,1.09,D,surat,VIIRS_SNPP_NRT
21.11281,72.8094,333.62,0.4,0.37,2026-06-06,822,N,VIIRS,l,2.0NRT,306.47,3.12,D,surat,VIIRS_SNPP_NRT
21.26503,72.94192,314.94,0.41,0.37,2026-06-16,2104,N,VIIRS,n,2.0NRT,297.02,2.93,N,surat,VIIRS_SNPP_NRT
21.17132,72.7569,331.77,0.57,0.52,2026-06-18,758,N,VIIRS,n,2.0NRT,295.47,6.88,D,surat,VIIRS_SNPP_NRT
21.17134,72.75373,333.52,0.57,0.52,2026-06-18,758,N,VIIRS,n,2.0NRT,295.28,6.35,D,surat,VIIRS_SNPP_NRT
21.1574,72.96446,338.64,0.46,0.39,2026-06-21,841,N,VIIRS,n,2.0NRT,305.75,6.66,D,surat,VIIRS_SNPP_NRT
21.20535,73.04711,334.47,0.46,0.39,2026-06-21,841,N,VIIRS,n,2.0NRT,303.41,1.63,D,surat,VIIRS_SNPP_NRT
21.0774,72.93099,335.77,0.38,0.36,2026-06-27,830,N,VIIRS,l,2.0NRT,307.23,2.11,D,surat,VIIRS_SNPP_NRT
21.17204,72.7553,337.61,0.38,0.36,2026-06-27,830,N,VIIRS,n,2.0NRT,307.08,6.21,D,surat,VIIRS_SNPP_NRT
21.05272,72.85251,305.92,0.39,0.37,2026-08-09,2053,N,VIIRS,n,2.0NRT,281.49,0.73,N,surat,VIIRS_SNPP_NRT
21.05607,72.85309,308.76,0.39,0.37,2026-08-09,2053,N,VIIRS,n,2.0NRT,281.79,0.73,N,surat,VIIRS_SNPP_NRT
